{
    "Current": {
        "-1.0": {
            "1": [
                -9.839100351,
                -9.844205983,
                -9.840376759000002,
                -9.841334065,
                -9.838143045,
                -9.839100351,
                -9.840057657000001,
                -9.837185739,
                -9.837504841000001,
                -9.840057657000001
            ]
        },
        "-0.9": {
            "1": [
                -8.856585293,
                -8.854989783,
                -8.855947089,
                -8.856904395,
                -8.856585293,
                -8.855947089,
                -8.854670681,
                -8.852436967000001,
                -8.856904395,
                -8.860095415
            ]
        },
        "-0.8": {
            "1": [
                -7.873751133000001,
                -7.875027541000001,
                -7.8740702350000005,
                -7.872793827000001,
                -7.8740702350000005,
                -7.878218561000001,
                -7.875346643,
                -7.873751133000001,
                -7.871517419000001,
                -7.872793827000001
            ]
        },
        "-0.7": {
            "1": [
                -6.890278769,
                -6.892831585000001,
                -6.890278769,
                -6.890278769,
                -6.890916973,
                -6.8918742790000005,
                -6.890916973,
                -6.8918742790000005,
                -6.890916973,
                -6.890597871000001
            ]
        },
        "-0.6": {
            "1": [
                -5.9064873030000005,
                -5.908401915000001,
                -5.904891793,
                -5.906806405,
                -5.906168201,
                -5.907444609000001,
                -5.905529997,
                -5.905529997,
                -5.906168201,
                -5.9064873030000005
            ]
        },
        "-0.5": {
            "1": [
                -4.923334041,
                -4.920781225,
                -4.921738531,
                -4.920143021,
                -4.922376735,
                -4.923334041,
                -4.923334041,
                -4.924929551,
                -4.922376735,
                -4.925886857
            ]
        },
        "-0.4": {
            "1": [
                -3.9366706570000005,
                -3.9385852690000003,
                -3.9379470650000004,
                -3.9360324530000006,
                -3.9328414330000006,
                -3.9369897590000003,
                -3.9347560450000003,
                -3.9385852690000003,
                -3.9379470650000004,
                -3.9395425750000004
            ]
        },
        "-0.3": {
            "1": [
                -2.952240987,
                -2.9557511090000004,
                -2.9525600890000003,
                -2.9557511090000004,
                -2.9589421290000004,
                -2.9544747010000005,
                -2.955432007,
                -2.9535173950000004,
                -2.953836497,
                -2.955432007
            ]
        },
        "-0.2": {
            "1": [
                -1.9684495210000001,
                -1.9690877250000003,
                -1.9700450310000002,
                -1.9674922150000003,
                -1.9703641330000004,
                -1.9700450310000002,
                -1.9684495210000001,
                -1.9690877250000003,
                -1.9700450310000002,
                -1.9725978470000003
            ]
        },
        "-0.1": {
            "1": [
                -0.9846580550000001,
                -0.9846580550000001,
                -0.9821052390000001,
                -0.9865726670000001,
                -0.9827434430000002,
                -0.9888063810000002,
                -0.9862535650000002,
                -0.9856153610000001,
                -0.9900827890000001,
                -0.9862535650000002
            ]
        },
        "0.0": {
            "1": [
                -0.0027812010000000005,
                0.0007289210000000004,
                -0.0008665890000000009,
                -0.00022838500000000022,
                -0.0011856910000000009,
                -0.005014915,
                -0.005653119,
                -0.005653119,
                -0.005014915,
                -0.004057609
            ]
        },
        "0.1": {
            "1": [
                0.9816484690000001,
                0.9857967950000001,
                0.9826057750000001,
                0.9826057750000001,
                0.9790956530000001,
                0.983243979,
                0.979733857,
                0.982286673,
                0.9781383470000001,
                0.9800529590000001
            ]
        },
        "0.2": {
            "1": [
                1.9663972410000001,
                1.9660781390000002,
                1.966716343,
                1.9657590370000002,
                1.9641635270000002,
                1.9676736490000002,
                1.9619298130000002,
                1.9651208330000003,
                1.963206221,
                1.9628871190000001
            ]
        },
        "0.3": {
            "1": [
                2.9527415230000003,
                2.9508269110000005,
                2.9527415230000003,
                2.949550503,
                2.9489122990000003,
                2.9498696050000004,
                2.9508269110000005,
                2.949550503,
                2.9482740950000004,
                2.9489122990000003
            ]
        },
        "0.4": {
            "1": [
                3.9339801730000006,
                3.9339801730000006,
                3.9339801730000006,
                3.933341969,
                3.9307891530000005,
                3.9301509490000006,
                3.9327037650000003,
                3.9288745410000003,
                3.933341969,
                3.9304700510000004
            ]
        },
        "0.5": {
            "1": [
                4.915537925000001,
                4.9145806190000005,
                4.916176129000001,
                4.916176129000001,
                4.913623313000001,
                4.911708701000001,
                4.917133435000001,
                4.913304211000001,
                4.913942415000001,
                4.915537925000001
            ]
        },
        "0.6": {
            "1": [
                5.896776575000001,
                5.902520411000001,
                5.901563105000001,
                5.901563105000001,
                5.899010289000001,
                5.899329391000001,
                5.900924901000001,
                5.900924901000001,
                5.8977338810000015,
                5.899329391000001
            ]
        },
        "0.7": {
            "1": [
                6.884078163000001,
                6.887269183000001,
                6.887269183000001,
                6.885992775000001,
                6.884397265000001,
                6.882801755000001,
                6.8831208570000015,
                6.884078163000001,
                6.882163551000001,
                6.881844449000001
            ]
        },
        "0.8": {
            "1": [
                7.863721303000001,
                7.864997711000001,
                7.864997711000001,
                7.8653168130000015,
                7.864359507000001,
                7.865955017000001,
                7.8653168130000015,
                7.867869629000001,
                7.866593221000001,
                7.867869629000001
            ]
        },