{
    "Current": {
        "-1.0": {
            "1": [
                -0.03951317770682731,
                -0.03950677003614458,
                -0.03950164389959839,
                -0.039493954694779114,
                -0.03949523622891566,
                -0.03950677003614458,
                -0.03950677003614458,
                -0.039500362365461845,
                -0.03950805157028112,
                -0.03950548850200803
            ]
        },
        "-0.9": {
            "1": [
                -0.03556477103212851,
                -0.035555800293172686,
                -0.03557502330522088,
                -0.03556477103212851,
                -0.035569897168674695,
                -0.03555451875903614,
                -0.03557502330522088,
                -0.03556092642971887,
                -0.03557758637349397,
                -0.03555195569076305
            ]
        },
        "-0.8": {
            "1": [
                -0.031629179698795175,
                -0.03161251975502008,
                -0.031611238220883534,
                -0.03161508282329317,
                -0.03163046123293172,
                -0.03161764589156626,
                -0.031613801289156626,
                -0.03159842287951807,
                -0.031618927425702804,
                -0.03161764589156626
            ]
        },
        "-0.7": {
            "1": [
                -0.027660268477911646,
                -0.0276589869437751,
                -0.027680773024096387,
                -0.027666676148594378,
                -0.02768333609236948,
                -0.027671802285140563,
                -0.02768589916064257,
                -0.027651297738955822,
                -0.027666676148594378,
                -0.027661550012048192
            ]
        },
        "-0.6": {
            "1": [
                -0.023714424871485944,
                -0.02371570640562249,
                -0.02371186180321285,
                -0.023713143337349397,
                -0.023704172598393573,
                -0.02371955100803213,
                -0.023713143337349397,
                -0.023728521746987953,
                -0.02371570640562249,
                -0.023731084815261046
            ]
        },
        "-0.5": {
            "1": [
                -0.01977242586746988,
                -0.01976858126506024,
                -0.019759610526104417,
                -0.019760892060240964,
                -0.019778833538152612,
                -0.019771144333333334,
                -0.019760892060240964,
                -0.01975832899196787,
                -0.019769862799196788,
                -0.019753202855421686
            ]
        },
        "-0.4": {
            "1": [
                -0.0158188930562249,
                -0.01581504845381526,
                -0.015817611522088354,
                -0.015806077714859437,
                -0.01581248538554217,
                -0.015817611522088354,
                -0.015816329987951808,
                -0.015806077714859437,
                -0.01580479618072289,
                -0.015800951578313252
            ]
        },
        "-0.3": {
            "1": [
                -0.011867923313253013,
                -0.011862797176706828,
                -0.01186536024497992,
                -0.011861515642570281,
                -0.011869204847389559,
                -0.011862797176706828,
                -0.011862797176706828,
                -0.01186536024497992,
                -0.011864078710843374,
                -0.011860234108433735
            ]
        },
        "-0.2": {
            "1": [
                -0.007904138228915662,
                -0.007916953570281125,
                -0.007922079706827309,
                -0.007906701297188755,
                -0.007902856694779116,
                -0.007910545899598394,
                -0.007916953570281125,
                -0.007906701297188755,
                -0.007910545899598394,
                -0.007900293626506025
            ]
        },
        "-0.1": {
            "1": [
                -0.003962139224899599,
                -0.003955731554216867,
                -0.003963420759036145,
                -0.003951886951807229,
                -0.003967265361445783,
                -0.003945479281124499,
                -0.003960857690763053,
                -0.003946760815261044,
                -0.003965983827309237,
                -0.003959576156626506
            ]
        },
        "0.0": {
            "1": [
                -1.5014084337349396e-05,
                -1.2451016064257028e-05,
                5.490461847389559e-06,
                -1.2451016064257028e-05,
                -1.116948192771084e-05,
                -1.6295618473895584e-05,
                -6.043345381526103e-06,
                -1.3732550200803215e-05,
                5.490461847389559e-06,
                4.208927710843375e-06
            ]
        },
        "0.1": {
            "1": [
                0.003942363329317269,
                0.003947489465863453,
                0.003953897136546185,
                0.003943644863453815,
                0.003953897136546185,
                0.00393851872690763,
                0.003951334068273092,
                0.003948770999999999,
                0.00393851872690763,
                0.00393851872690763
            ]
        },
        "0.2": {
            "1": [
                0.007890770004016064,
                0.00789205153815261,
                0.00789205153815261,
                0.007886925401606425,
                0.007894614606425703,
                0.007898459208835341,
                0.007898459208835341,
                0.00790230381124498,
                0.00789205153815261,
                0.007886925401606425
            ]
        },
        "0.3": {
            "1": [
                0.011837895144578312,
                0.011843021281124497,
                0.011848147417670683,
                0.011860962759036144,
                0.011841739746987951,
                0.011848147417670683,
                0.011857118156626505,
                0.011860962759036144,
                0.011844302815261044,
                0.011866088895582329
            ]
        },
        "0.4": {
            "1": [
                0.015786301819277107,
                0.015800398694779116,
                0.015796554092369477,
                0.015793991024096385,
                0.0158055248313253,
                0.015806806365461848,
                0.015806806365461848,
                0.0157888648875502,
                0.01579527255823293,
                0.015787583353413653
            ]
        },
        "0.5": {
            "1": [
                0.01975264997188755,
                0.019750086903614458,
                0.019755213040160643,
                0.019755213040160643,
                0.019750086903614458,
                0.01975264997188755,
                0.01974624230120482,
                0.019741116164658633,
                0.019741116164658633,
                0.01974239769879518
            ]
        },
        "0.6": {
            "1": [
                0.023707464317269077,
                0.0236997751124498,
                0.023711308919678716,
                0.02370233818072289,
                0.023701056646586345,
                0.02369593051004016,
                0.02369593051004016,
                0.023703619714859438,
                0.02369593051004016,
                0.023686959771084336
            ]
        },