{
    "Pair number: 1": {
        "0.0": 1.980437729e-09,
        "0.1": 1.9788422190000004e-09,
        "0.2": 1.9788422190000004e-09,
        "0.3": 1.9778849130000004e-09,
        "0.4": 1.9820332390000003e-09,
        "0.5": 1.980437729e-09,
        "0.6": 1.9801186270000003e-09,
        "0.7": 1.9836287490000004e-09,
        "0.8": 1.980437729e-09,
        "0.9": 1.9826714430000004e-09,
        "1.0": 1.976608505e-09,
        "1.1": 1.9849051570000002e-09,
        "1.2": 1.9813950350000005e-09,
        "1.3": 1.9791613210000003e-09,
        "1.4": 1.9813950350000005e-09,
        "1.5": 1.9833096470000005e-09,
        "1.6": 1.9810759330000003e-09,
        "1.7": 1.9801186270000003e-09,
        "1.8": 1.9829905450000003e-09,
        "1.9": 1.9833096470000005e-09,
        "2.0": 1.982352341e-09,
        "2.1": 1.9836287490000004e-09,
        "2.2": 1.9807568310000004e-09,
        "2.3": 1.9826714430000004e-09,
        "2.4": 1.9839478510000002e-09,
        "2.5": 1.9836287490000004e-09,
        "2.6": 1.9810759330000003e-09,
        "2.7": 1.9801186270000003e-09,
        "2.8": 1.9807568310000004e-09,
        "2.9": 1.9807568310000004e-09,
        "3.0": 1.9810759330000003e-09,
        "3.1": 1.9817141370000004e-09,
        "3.2": 1.9797995250000004e-09,
        "3.3": 1.984266953e-09,
        "3.4": 1.9807568310000004e-09,
        "3.5": 1.9807568310000004e-09,
        "3.6": 1.9826714430000004e-09,
        "3.7": 1.9797995250000004e-09,
        "3.8": 1.9791613210000003e-09,
        "3.9": 1.978523117e-09,
        "4.0": 1.9778849130000004e-09,
        "4.1": 1.9820332390000003e-09,
        "4.2": 1.9836287490000004e-09,
        "4.3": 1.9820332390000003e-09,
        "4.4": 1.9807568310000004e-09,
        "4.5": 1.9849051570000002e-09,
        "4.6": 1.9836287490000004e-09,
        "4.7": 1.9788422190000004e-09,
        "4.8": 1.9849051570000002e-09,
        "4.9": 1.9833096470000005e-09,
        "5.0": 1.9820332390000003e-09
    }
},{
    "Pair number: 2": {
        "0.0": 1.976608505e-09,
        "0.1": 1.9813950350000005e-09,
        "0.2": 1.9782040150000003e-09,
        "0.3": 1.9797995250000004e-09,
        "0.4": 1.9756511990000005e-09,
        "0.5": 1.9801186270000003e-09,
        "0.6": 1.978523117e-09,
        "0.7": 1.9791613210000003e-09,
        "0.8": 1.9801186270000003e-09,
        "0.9": 1.9813950350000005e-09,
        "1.0": 1.9813950350000005e-09,
        "1.1": 1.9801186270000003e-09,
        "1.2": 1.9797995250000004e-09,
        "1.3": 1.9813950350000005e-09,
        "1.4": 1.9801186270000003e-09,
        "1.5": 1.9788422190000004e-09,
        "1.6": 1.9797995250000004e-09,
        "1.7": 1.9782040150000003e-09,
        "1.8": 1.9797995250000004e-09,
        "1.9": 1.9797995250000004e-09,
        "2.0": 1.9801186270000003e-09,
        "2.1": 1.9820332390000003e-09,
        "2.2": 1.9817141370000004e-09,
        "2.3": 1.9797995250000004e-09,
        "2.4": 1.9826714430000004e-09,
        "2.5": 1.980437729e-09,
        "2.6": 1.9807568310000004e-09,
        "2.7": 1.9817141370000004e-09,
        "2.8": 1.9813950350000005e-09,
        "2.9": 1.9778849130000004e-09,
        "3.0": 1.9813950350000005e-09,
        "3.1": 1.9807568310000004e-09,
        "3.2": 1.9801186270000003e-09,
        "3.3": 1.9836287490000004e-09,
        "3.4": 1.9791613210000003e-09,
        "3.5": 1.982352341e-09,
        "3.6": 1.9807568310000004e-09,
        "3.7": 1.9788422190000004e-09,
        "3.8": 1.9791613210000003e-09,
        "3.9": 1.978523117e-09,
        "4.0": 1.9801186270000003e-09,
        "4.1": 1.9794804230000005e-09,
        "4.2": 1.978523117e-09,
        "4.3": 1.976608505e-09,
        "4.4": 1.9782040150000003e-09,
        "4.5": 1.978523117e-09,
        "4.6": 1.9810759330000003e-09,
        "4.7": 1.9813950350000005e-09,
        "4.8": 1.9820332390000003e-09,
        "4.9": 1.9836287490000004e-09,
        "5.0": 1.9807568310000004e-09
    }
},{
    "Pair number: 2": {
        "0.0": 1.9817141370000004e-09,
        "0.1": 1.9788422190000004e-09,
        "0.2": 1.9801186270000003e-09,
        "0.3": 1.9778849130000004e-09,
        "0.4": 1.9810759330000003e-09,
        "0.5": 1.9791613210000003e-09,
        "0.6": 1.980437729e-09,
        "0.7": 1.978523117e-09,
        "0.8": 1.9797995250000004e-09,
        "0.9": 1.9801186270000003e-09,
        "1.0": 1.9817141370000004e-09,
        "1.1": 1.9782040150000003e-09,
        "1.2": 1.980437729e-09,
        "1.3": 1.9794804230000005e-09,
        "1.4": 1.9788422190000004e-09,
        "1.5": 1.9782040150000003e-09,
        "1.6": 1.9782040150000003e-09,
        "1.7": 1.976608505e-09,
        "1.8": 1.9817141370000004e-09,
        "1.9": 1.9817141370000004e-09,
        "2.0": 1.9813950350000005e-09,
        "2.1": 1.9782040150000003e-09,
        "2.2": 1.9769276070000004e-09,
        "2.3": 1.980437729e-09,
        "2.4": 1.9794804230000005e-09,
        "2.5": 1.980437729e-09,
        "2.6": 1.9794804230000005e-09,
        "2.7": 1.9810759330000003e-09,
        "2.8": 1.9788422190000004e-09,
        "2.9": 1.9778849130000004e-09,
        "3.0": 1.9820332390000003e-09,
        "3.1": 1.9801186270000003e-09,
        "3.2": 1.9813950350000005e-09,
        "3.3": 1.9791613210000003e-09,
        "3.4": 1.9807568310000004e-09,
        "3.5": 1.9797995250000004e-09,
        "3.6": 1.9769276070000004e-09,
        "3.7": 1.9810759330000003e-09,
        "3.8": 1.9778849130000004e-09,
        "3.9": 1.980437729e-09,
        "4.0": 1.9791613210000003e-09,
        "4.1": 1.9813950350000005e-09,
        "4.2": 1.9801186270000003e-09,
        "4.3": 1.980437729e-09,
        "4.4": 1.9817141370000004e-09,
        "4.5": 1.9778849130000004e-09,
        "4.6": 1.9778849130000004e-09,
        "4.7": 1.980437729e-09,
        "4.8": 1.9801186270000003e-09,
        "4.9": 1.9788422190000004e-09,
        "5.0": 1.9810759330000003e-09
    }
},