{
    "-0.5": {
        "1": [
            -0.0009556601405622491,
            -0.0009595047429718876,
            -0.0009659124136546185,
            -0.0009607862771084337,
            -0.0009607862771084337,
            -0.0009582232088353413,
            -0.0009595047429718876,
            -0.00096206781124498,
            -0.0009595047429718876,
            -0.0009582232088353413
        ],
        "2": [
            -0.0009556601405622491,
            -0.0009595047429718876,
            -0.0009659124136546185,
            -0.0009607862771084337,
            -0.0009607862771084337,
            -0.0009582232088353413,
            -0.0009595047429718876,
            -0.00096206781124498,
            -0.0009595047429718876,
            -0.0009582232088353413
        ],
        "3": [
            -0.0009556601405622491,
            -0.0009595047429718876,
            -0.0009659124136546185,
            -0.0009607862771084337,
            -0.0009607862771084337,
            -0.0009582232088353413,
            -0.0009595047429718876,
            -0.00096206781124498,
            -0.0009595047429718876,
            -0.0009582232088353413
        ]
    },
    "-0.4": {
        "1": [
            -0.0009556601405622491,
            -0.0009595047429718876,
            -0.0009659124136546185,
            -0.0009607862771084337,
            -0.0009607862771084337,
            -0.0009582232088353413,
            -0.0009595047429718876,
            -0.00096206781124498,
            -0.0009595047429718876,
            -0.0009582232088353413
        ],
        "2": [
            -0.0009556601405622491,
            -0.0009595047429718876,
            -0.0009659124136546185,
            -0.0009607862771084337,
            -0.0009607862771084337,
            -0.0009582232088353413,
            -0.0009595047429718876,
            -0.00096206781124498,
            -0.0009595047429718876,
            -0.0009582232088353413
        ],
        "3": [
            -0.0009556601405622491,
            -0.0009595047429718876,
            -0.0009659124136546185,
            -0.0009607862771084337,
            -0.0009607862771084337,
            -0.0009582232088353413,
            -0.0009595047429718876,
            -0.00096206781124498,
            -0.0009595047429718876,
            -0.0009582232088353413
        ]
    },
    "-0.3": {
        "1": [
            -0.0009556601405622491,
            -0.0009595047429718876,
            -0.0009659124136546185,
            -0.0009607862771084337,
            -0.0009607862771084337,
            -0.0009582232088353413,
            -0.0009595047429718876,
            -0.00096206781124498,
            -0.0009595047429718876,
            -0.0009582232088353413
        ],
        "2": [
            -0.0009556601405622491,
            -0.0009595047429718876,
            -0.0009659124136546185,
            -0.0009607862771084337,
            -0.0009607862771084337,
            -0.0009582232088353413,
            -0.0009595047429718876,
            -0.00096206781124498,
            -0.0009595047429718876,
            -0.0009582232088353413
        ],
        "3": [
            -0.0009556601405622491,
            -0.0009595047429718876,
            -0.0009659124136546185,
            -0.0009607862771084337,
            -0.0009607862771084337,
            -0.0009582232088353413,
            -0.0009595047429718876,
            -0.00096206781124498,
            -0.0009595047429718876,
            -0.0009582232088353413
        ]
    },
    "-0.2": {
        "1": [
            -0.0009556601405622491,
            -0.0009595047429718876,
            -0.0009659124136546185,
            -0.0009607862771084337,
            -0.0009607862771084337,
            -0.0009582232088353413,
            -0.0009595047429718876,
            -0.00096206781124498,
            -0.0009595047429718876,
            -0.0009582232088353413
        ],
        "2": [
            -0.0009556601405622491,
            -0.0009595047429718876,
            -0.0009659124136546185,
            -0.0009607862771084337,
            -0.0009607862771084337,
            -0.0009582232088353413,
            -0.0009595047429718876,
            -0.00096206781124498,
            -0.0009595047429718876,
            -0.0009582232088353413
        ],
        "3": [
            -0.0009556601405622491,
            -0.0009595047429718876,
            -0.0009659124136546185,
            -0.0009607862771084337,
            -0.0009607862771084337,
            -0.0009582232088353413,
            -0.0009595047429718876,
            -0.00096206781124498,
            -0.0009595047429718876,
            -0.0009582232088353413
        ]
    },
    "-0.1": {
        "1": [
            -0.0009556601405622491,
            -0.0009595047429718876,
            -0.0009659124136546185,
            -0.0009607862771084337,
            -0.0009607862771084337,
            -0.0009582232088353413,
            -0.0009595047429718876,
            -0.00096206781124498,
            -0.0009595047429718876,
            -0.0009582232088353413
        ],
        "2": [
            -0.0009556601405622491,
            -0.0009595047429718876,
            -0.0009659124136546185,
            -0.0009607862771084337,
            -0.0009607862771084337,
            -0.0009582232088353413,
            -0.0009595047429718876,
            -0.00096206781124498,
            -0.0009595047429718876,
            -0.0009582232088353413
        ],
        "3": [
            -0.0009556601405622491,
            -0.0009595047429718876,
            -0.0009659124136546185,
            -0.0009607862771084337,
            -0.0009607862771084337,
            -0.0009582232088353413,
            -0.0009595047429718876,
            -0.00096206781124498,
            -0.0009595047429718876,
            -0.0009582232088353413
        ]
    },
    "0.0": {
        "1": [
            -0.0009556601405622491,
            -0.0009595047429718876,
            -0.0009659124136546185,
            -0.0009607862771084337,
            -0.0009607862771084337,
            -0.0009582232088353413,
            -0.0009595047429718876,
            -0.00096206781124498,
            -0.0009595047429718876,
            -0.0009582232088353413
        ],
        "2": [
            -0.0009556601405622491,
            -0.0009595047429718876,
            -0.0009659124136546185,
            -0.0009607862771084337,
            -0.0009607862771084337,
            -0.0009582232088353413,
            -0.0009595047429718876,
            -0.00096206781124498,
            -0.0009595047429718876,
            -0.0009582232088353413
        ],
        "3": [
            -0.0009556601405622491,
            -0.0009595047429718876,
            -0.0009659124136546185,
            -0.0009607862771084337,
            -0.0009607862771084337,
            -0.0009582232088353413,
            -0.0009595047429718876,
            -0.00096206781124498,
            -0.0009595047429718876,
            -0.0009582232088353413
        ]
    },
    "0.1": {
        "1": [
            -0.0009556601405622491,
            -0.0009595047429718876,
            -0.0009659124136546185,
            -0.0009607862771084337,
            -0.0009607862771084337,
            -0.0009582232088353413,
            -0.0009595047429718876,
            -0.00096206781124498,
            -0.0009595047429718876,
            -0.0009582232088353413
        ],
        "2": [
            -0.0009556601405622491,
            -0.0009595047429718876,
            -0.0009659124136546185,
            -0.0009607862771084337,
            -0.0009607862771084337,
            -0.0009582232088353413,
            -0.0009595047429718876,
            -0.00096206781124498,
            -0.0009595047429718876,
            -0.0009582232088353413
        ],