{
    "-0.005": {
        "1": [
            -0.00017776891967871485,
            -0.00018930272690763052,
            -0.00018930272690763052,
            -0.00019314732931726908,
            -0.00019314732931726908,
            -0.0001982734658634538,
            -0.0001982734658634538,
            -0.00019699193172690763,
            -0.00018802119277108433,
            -0.000199555
        ],
        "2": [
            -0.00019314732931726908,
            -0.00020211806827309236,
            -0.00019314732931726908,
            -0.00018417659036144577,
            -0.0001828950562248996,
            -0.00019699193172690763,
            -0.00019186579518072288,
            -0.00018930272690763052,
            -0.0001816135220883534,
            -0.00019442886345381525
        ]
    },
    "-0.004": {
        "1": [
            -0.00015341977108433735,
            -0.00017007971485943774,
            -0.00015982744176706827,
            -0.00016367204417670682,
            -0.0001585459076305221,
            -0.00015213823694779115,
            -0.0001585459076305221,
            -0.00015470130522088354,
            -0.00016367204417670682,
            -0.00015341977108433735
        ],
        "2": [
            -0.00015341977108433735,
            -0.00014316749799196787,
            -0.00016110897590361446,
            -0.00015085670281124499,
            -0.0001482936345381526,
            -0.0001572643734939759,
            -0.00015341977108433735,
            -0.00016495357831325302,
            -0.00016495357831325302,
            -0.00016110897590361446
        ]
    },
    "-0.003": {
        "1": [
            -0.00012009988353413654,
            -0.00011881834939759037,
            -0.00010472147389558234,
            -0.00011881834939759037,
            -0.00011112914457831326,
            -0.00012650755421686748,
            -0.00011497374698795181,
            -0.00011497374698795181,
            -0.00011497374698795181,
            -0.00012138141767068273
        ],
        "2": [
            -0.00010984761044176706,
            -0.00012266295180722892,
            -0.00012009988353413654,
            -0.00012009988353413654,
            -0.0001060030080321285,
            -0.00012266295180722892,
            -0.00012907062248995984,
            -0.00011497374698795181,
            -0.00011881834939759037,
            -0.000130352156626506
        ]
    },
    "-0.002": {
        "1": [
            -8.1653859437751e-05,
            -9.190613253012047e-05,
            -7.909079116465864e-05,
            -7.652772289156626e-05,
            -8.293539357429718e-05,
            -8.549846184738956e-05,
            -7.26831204819277e-05,
            -8.293539357429718e-05,
            -7.524618875502008e-05,
            -7.524618875502008e-05
        ],
        "2": [
            -8.549846184738956e-05,
            -7.652772289156626e-05,
            -7.26831204819277e-05,
            -7.26831204819277e-05,
            -6.755698393574297e-05,
            -8.549846184738956e-05,
            -8.293539357429718e-05,
            -7.524618875502008e-05,
            -7.012005220883534e-05,
            -8.549846184738956e-05
        ]
    },
    "-0.001": {
        "1": [
            -2.7829425702811246e-05,
            -3.423709638554217e-05,
            -2.398482329317269e-05,
            -2.5266357429718877e-05,
            -2.6547891566265058e-05,
            -1.8858686746987952e-05,
            -1.2451016064257028e-05,
            -2.0140220883534133e-05,
            -2.5266357429718877e-05,
            -3.1674028112449795e-05
        ],
        "2": [
            -2.5266357429718877e-05,
            -3.1674028112449795e-05,
            -2.398482329317269e-05,
            -2.398482329317269e-05,
            -3.551863052208835e-05,
            -3.0392493975903615e-05,
            -1.7577152610441765e-05,
            -3.936323293172691e-05,
            -3.680016465863453e-05,
            -2.9110959839357427e-05
        ]
    },
    "0.0": {
        "1": [
            9.335064257028112e-06,
            5.490461847389559e-06,
            9.335064257028112e-06,
            3.6432530120481874e-07,
            9.335064257028112e-06,
            1.0616598393574297e-05,
            6.771995983935744e-06,
            1.189813253012048e-05,
            8.053530120481928e-06,
            8.053530120481928e-06
        ],
        "2": [
            5.490461847389559e-06,
            4.208927710843375e-06,
            1.189813253012048e-05,
            8.053530120481928e-06,
            1.5742734939759037e-05,
            2.0868871485943774e-05,
            1.645859437751003e-06,
            -2.1987429718875532e-06,
            1.0616598393574297e-05,
            1.702426907630522e-05
        ]
    },
    "0.001": {
        "1": [
            3.881034939759036e-05,
            3.881034939759036e-05,
            2.9839610441767068e-05,
            2.5995008032128515e-05,
            3.368421285140562e-05,
            4.2654951807228914e-05,
            4.521802008032129e-05,
            4.137341767068273e-05,
            4.0091883534136546e-05,
            4.2654951807228914e-05
        ],
        "2": [
            4.0091883534136546e-05,
            3.752881526104418e-05,
            3.881034939759036e-05,
            4.778108835341365e-05,
            4.0091883534136546e-05,
            3.752881526104418e-05,
            4.521802008032129e-05,
            4.521802008032129e-05,
            4.2654951807228914e-05,
            5.931489558232932e-05
        ]
    },
    "0.002": {
        "1": [
            8.238251004016064e-05,
            7.469330522088353e-05,
            8.366404417670683e-05,
            8.238251004016064e-05,
            7.853790763052209e-05,
            7.341177108433735e-05,
            9.007171485943776e-05,
            7.72563734939759e-05,
            8.238251004016064e-05,
            8.110097590361445e-05
        ],
        "2": [
            8.62271124497992e-05,
            7.981944176706827e-05,
            8.4945578313253e-05,
            7.213023694779117e-05,
            8.4945578313253e-05,
            7.469330522088353e-05,
            7.981944176706827e-05,
            7.853790763052209e-05,
            6.572256626506024e-05,
            7.341177108433735e-05
        ]
    },
    "0.003": {
        "1": [
            0.00012211006827309237,
            0.00013108080722891565,
            0.00011570239759036144,
            0.00012211006827309237,
            0.00012979927309236946,
            0.00012467313654618474,
            0.00011185779518072289,
            0.000119547,
            0.00011698393172690762,
            0.00011698393172690762
        ],
        "2": [
            0.00011826546586345382,
            0.0001105762610441767,
            0.00010673165863453815,
            0.00011826546586345382,
            0.00012082853413654618,
            0.000119547,
            0.00011570239759036144,
            0.00012723620481927713,
            0.00010801319277108433,
            0.00012595467068273093
        ]
    },
    "0.004": {
        "1": [
            0.00015799302409638555,
            0.0001528668875502008,
            0.00014902228514056224,
            0.000154148421686747,
            0.00016440069477911647,
            0.00015799302409638555,
            0.0001618376265060241,
            0.00015927455823293172,
            0.00015030381927710844,
            0.00016696376305220883
        ],
        "2": [
            0.0001528668875502008,
            0.00014133308032128516,
            0.00015158535341365463,
            0.00013877001204819277,
            0.00014902228514056224,
            0.00015542995582329316,
            0.00015030381927710844,
            0.00014774075100401607,
            0.0001528668875502008,
            0.00016568222891566266
        ]
    },