{
    "Current": {
        "-0.1": {
            "1": [
                -1.344924213,
                -1.371409679,
                -1.2549374490000003,
                -1.1566540330000001,
                -1.051031271,
                -0.8940330870000002,
                -0.8365947270000001,
                -0.7504371870000001,
                -0.6454526290000001,
                -0.6866167870000001
            ]
        },
        "-0.09": {
            "1": [
                -0.7226753130000001,
                -0.8401048490000002,
                -0.9138174110000001,
                -1.0890044090000002,
                -1.1828203970000002,
                -1.238663247,
                -1.2287710850000002,
                -1.2488745110000001,
                -1.1477191770000001,
                -1.0309278450000001
            ]
        },
        "-0.08": {
            "1": [
                -0.8397857470000001,
                -1.008590705,
                -1.079431349,
                -1.1773956630000002,
                -1.1030448970000002,
                -1.112937059,
                -1.066667269,
                -0.9058398610000001,
                -0.8503161130000001,
                -0.6473672410000001
            ]
        },
        "-0.07": {
            "1": [
                -0.6620459330000001,
                -0.8662712130000001,
                -0.9000960250000001,
                -0.9594489970000002,
                -1.0870897970000002,
                -1.0264604170000002,
                -0.9454085090000002,
                -0.8716959470000001,
                -0.7919204470000001,
                -0.6633223410000001
            ]
        },
        "-0.06": {
            "1": [
                -0.9645546290000001,
                -0.9007342290000001,
                -0.9403028770000001,
                -0.8672285190000001,
                -0.7335247810000001,
                -0.6256683050000001,
                -0.43197339100000004,
                -0.386660907,
                -0.321883201,
                -0.281676349
            ]
        },
        "-0.05": {
            "1": [
                -0.18243562700000002,
                -0.21115480700000003,
                -0.19551880900000002,
                -0.283910063,
                -0.385703601,
                -0.479519589,
                -0.7044864990000002,
                -0.7485225750000001,
                -0.7766035510000001,
                -0.8624419890000001
            ]
        },
        "-0.04": {
            "1": [
                -0.7210798030000001,
                -0.7424596370000001,
                -0.6869358890000001,
                -0.5216410530000001,
                -0.438036329,
                -0.24274590500000004,
                -0.19456150300000002,
                -0.15403554900000002,
                -0.05192290900000001,
                -0.057028541
            ]
        },
        "-0.03": {
            "1": [
                -0.007248629000000001,
                -0.012035159000000002,
                -0.09851180100000001,
                -0.24083129300000003,
                -0.30975732500000003,
                -0.478243181,
                -0.5663153330000001,
                -0.6409852010000001,
                -0.6346031610000001,
                -0.6480054450000001
            ]
        },
        "-0.02": {
            "1": [
                0.032958223,
                0.11113821300000001,
                0.11464833500000002,
                0.039340263,
                -0.07298364100000002,
                -0.13808044900000002,
                -0.288696593,
                -0.372301317,
                -0.46867012100000005,
                -0.5637625170000001
            ]
        },
        "-0.01": {
            "1": [
                0.12390229300000001,
                -0.014907077000000003,
                -0.07011172300000001,
                -0.291249409,
                -0.336880995,
                -0.378683357,
                -0.438355431,
                -0.46643640700000005,
                -0.392404743,
                -0.271145983
            ]
        },
        "0.0": {
            "1": [
                0.06359201500000002,
                0.159003513,
                0.241650931,
                0.3753546690000001,
                0.27196562100000005,
                0.27356113100000007,
                0.20016767100000002,
                0.060081893000000004,
                -0.0031003030000000004,
                -0.18211652500000003
            ]
        },
        "0.01": {
            "1": [
                -0.17190526100000003,
                -0.266040351,
                -0.22647170300000002,
                -0.256467291,
                -0.15531195700000003,
                -0.023841933000000003,
                0.047317813,
                0.2920690470000001,
                0.31089606500000005,
                0.32780847100000005
            ]
        },
        "0.02": {
            "1": [
                0.13124163900000002,
                0.3629096910000001,
                0.39067156500000005,
                0.44874812900000005,
                0.514802243,
                0.4982089390000001,
                0.4139660110000001,
                0.34950740700000005,
                0.22410032100000002,
                0.11624384500000001
            ]
        },
        "0.03": {
            "1": [
                0.165704655,
                0.23143966700000002,
                0.38939515700000005,
                0.46278861700000007,
                0.549903463,
                0.663503775,
                0.592663131,
                0.555966401,
                0.47874371700000007,
                0.36769622100000005
            ]
        },
        "0.04": {
            "1": [
                0.3115342690000001,
                0.3948198910000001,
                0.5495843610000001,
                0.635741901,
                0.712007279,
                0.692542057,
                0.724452257,
                0.629998065,
                0.4975707350000001,
                0.40471205300000007
            ]
        },
        "0.05": {
            "1": [
                0.24930937900000003,
                0.20559240500000003,
                0.16027992100000002,
                0.15357877900000003,
                0.22378121900000003,
                0.33929614300000005,
                0.44204698700000006,
                0.615638475,
                0.7027533210000001,
                0.7381736430000001
            ]
        },
        "0.06": {
            "1": [
                0.21835648500000002,
                0.29621737300000006,
                0.27770945700000005,
                0.33801973500000004,
                0.4678942490000001,
                0.551818075,
                0.7496613150000001,
                0.8064614710000001,
                0.8524121590000001,
                0.9245292110000001
            ]
        },
        "0.07": {
            "1": [
                0.6558453270000001,
                0.791782779,
                0.8721964830000001,
                0.935378679,
                1.0725925390000002,
                0.9835630810000001,
                0.943356229,
                0.8855987670000001,
                0.7429601730000001,
                0.6861600170000001
            ]
        },
        "0.08": {
            "1": [
                0.650101491,
                0.533948363,
                0.4998044490000001,
                0.4816156350000001,
                0.4474717210000001,
                0.510973019,
                0.6702049170000001,
                0.7426410710000001,
                0.9519719830000001,
                0.9893069170000001
            ]
        },