{
    "I-V data": [
        {
            "Pair number: 1": {
                "1": {
                    "output": [
                        0.0,
                        0.01,
                        0.02,
                        0.03,
                        0.04,
                        0.05,
                        0.06,
                        0.07,
                        0.08,
                        0.09,
                        0.1,
                        0.1,
                        0.09,
                        0.08,
                        0.07,
                        0.06,
                        0.05,
                        0.04,
                        0.03,
                        0.02,
                        0.01,
                        0.0,
                        -0.01,
                        -0.02,
                        -0.03,
                        -0.04,
                        -0.05,
                        -0.06,
                        -0.07,
                        -0.08,
                        -0.09,
                        -0.1,
                        -0.1,
                        -0.09,
                        -0.08,
                        -0.07,
                        -0.06,
                        -0.05,
                        -0.04,
                        -0.03,
                        -0.02,
                        -0.01
                    ],
                    "input": [
                        -2.894756500000001e-11,
                        -3.2457687000000006e-11,
                        1.0411796900000001e-10,
                        2.1931379100000004e-10,
                        5.63305747e-10,
                        8.779403190000001e-10,
                        7.196657270000001e-10,
                        6.089373330000001e-10,
                        8.811313390000002e-10,
                        5.546899930000001e-10,
                        9.561203090000002e-10,
                        1.0445115630000003e-09,
                        1.2544806790000002e-09,
                        1.2630964330000002e-09,
                        9.83563081e-10,
                        1.048978991e-09,
                        4.161997250000001e-10,
                        2.9238814900000005e-10,
                        3.852468310000001e-10,
                        5.12249427e-10,
                        -1.2035159000000003e-11,
                        -2.2359978500000003e-10,
                        -4.98027505e-10,
                        -2.99865163e-10,
                        -3.8857551900000007e-10,
                        -3.4230572900000004e-10,
                        -4.4856669500000005e-10,
                        -6.320503450000002e-10,
                        -1.1687799090000002e-09,
                        -8.139384850000002e-10,
                        -6.572594030000001e-10,
                        -1.4811807670000001e-09,
                        -1.1225101190000003e-09,
                        -1.0092289090000002e-09,
                        -4.79519589e-10,
                        -7.654349810000001e-10,
                        -1.0870897970000003e-09,
                        -8.273407690000001e-10,
                        -6.979262100000002e-11,
                        3.6008390000000005e-12,
                        1.2868882300000002e-10,
                        -5.192290900000001e-11
                    ]
                }
            }
        },
        {
            "Pair number: 1": {
                "2": {
                    "output": [
                        0.0,
                        0.01,
                        0.02,
                        0.03,
                        0.04,
                        0.05,
                        0.06,
                        0.07,
                        0.08,
                        0.09,
                        0.1,
                        0.1,
                        0.09,
                        0.08,
                        0.07,
                        0.06,
                        0.05,
                        0.04,
                        0.03,
                        0.02,
                        0.01,
                        0.0,
                        -0.01,
                        -0.02,
                        -0.03,
                        -0.04,
                        -0.05,
                        -0.06,
                        -0.07,
                        -0.08,
                        -0.09,
                        -0.1,
                        -0.1,
                        -0.09,
                        -0.08,
                        -0.07,
                        -0.06,
                        -0.05,
                        -0.04,
                        -0.03,
                        -0.02,
                        -0.01
                    ],