{
    "Current": {
        "-0.005": {
            "1": [
                -0.00019442886345381525,
                -0.00019571039759036144,
                -0.00018930272690763052,
                -0.00018930272690763052,
                -0.00019699193172690763,
                -0.00019699193172690763,
                -0.00019442886345381525,
                -0.00019699193172690763,
                -0.00019186579518072288,
                -0.00018417659036144577
            ],
            "2": [
                -0.0002072442048192771,
                -0.00019442886345381525,
                -0.00019314732931726908,
                -0.00018673965863453816,
                -0.00018417659036144577,
                -0.00020211806827309236,
                -0.00019186579518072288,
                -0.00019699193172690763,
                -0.00019571039759036144,
                -0.00019058426104417672
            ]
        },
        "-0.004": {
            "1": [
                -0.0001495751686746988,
                -0.00015982744176706827,
                -0.00015213823694779115,
                -0.00015982744176706827,
                -0.0001572643734939759,
                -0.00016623511244979918,
                -0.00016367204417670682,
                -0.0001559828393574297,
                -0.00015213823694779115,
                -0.00015213823694779115
            ],
            "2": [
                -0.00016110897590361446,
                -0.0001482936345381526,
                -0.00016110897590361446,
                -0.0001585459076305221,
                -0.0001585459076305221,
                -0.00015341977108433735,
                -0.0001585459076305221,
                -0.00016367204417670682,
                -0.00016239051004016063,
                -0.0001572643734939759
            ]
        },
        "-0.003": {
            "1": [
                -0.00012266295180722892,
                -0.00011112914457831326,
                -0.0001252260200803213,
                -0.00011625528112449798,
                -0.00012266295180722892,
                -0.00011881834939759037,
                -0.0001252260200803213,
                -0.00012650755421686748,
                -0.00012266295180722892,
                -0.00012778908835341365
            ],
            "2": [
                -0.0001239444859437751,
                -0.00011241067871485942,
                -0.00011881834939759037,
                -0.00010984761044176706,
                -0.00012009988353413654,
                -0.00011625528112449798,
                -0.00011881834939759037,
                -0.00011369221285140562,
                -0.00011625528112449798,
                -0.00012009988353413654
            ]
        },
        "-0.002": {
            "1": [
                -7.012005220883534e-05,
                -9.318766666666667e-05,
                -7.140158634538153e-05,
                -9.06245983935743e-05,
                -7.652772289156626e-05,
                -8.037232530120482e-05,
                -7.780925702811244e-05,
                -9.06245983935743e-05,
                -7.909079116465864e-05,
                -7.012005220883534e-05
            ],
            "2": [
                -8.1653859437751e-05,
                -9.06245983935743e-05,
                -7.524618875502008e-05,
                -7.012005220883534e-05,
                -7.524618875502008e-05,
                -7.140158634538153e-05,
                -7.524618875502008e-05,
                -7.524618875502008e-05,
                -7.396465461847389e-05,
                -7.396465461847389e-05
            ]
        },
        "-0.001": {
            "1": [
                -2.9110959839357427e-05,
                -3.295556224899599e-05,
                -3.680016465863453e-05,
                -2.5266357429718877e-05,
                -3.808169879518073e-05,
                -2.6547891566265058e-05,
                -2.5266357429718877e-05,
                -3.423709638554217e-05,
                -3.295556224899599e-05,
                -2.398482329317269e-05
            ],
            "2": [
                -3.295556224899599e-05,
                -2.5266357429718877e-05,
                -3.295556224899599e-05,
                -3.423709638554217e-05,
                -3.551863052208835e-05,
                -3.295556224899599e-05,
                -3.295556224899599e-05,
                -3.680016465863453e-05,
                -3.0392493975903615e-05,
                -2.5266357429718877e-05
            ]
        },
        "0.0": {
            "1": [
                1.8305803212851406e-05,
                5.490461847389559e-06,
                1.5742734939759037e-05,
                1.645859437751003e-06,
                9.335064257028112e-06,
                2.9273935742971907e-06,
                -9.172088353413656e-07,
                9.335064257028112e-06,
                1.0616598393574297e-05,
                8.053530120481928e-06
            ],
            "2": [
                1.0616598393574297e-05,
                6.771995983935744e-06,
                -4.761811244979922e-06,
                1.189813253012048e-05,
                2.9273935742971907e-06,
                1.189813253012048e-05,
                -4.761811244979922e-06,
                6.771995983935744e-06,
                -6.043345381526103e-06,
                -3.480277108433734e-06
            ]
        },
        "0.001": {
            "1": [
                4.0091883534136546e-05,
                3.240267871485944e-05,
                4.0091883534136546e-05,
                4.521802008032129e-05,
                3.496574698795181e-05,
                3.752881526104418e-05,
                3.496574698795181e-05,
                3.112114457831325e-05,
                4.0091883534136546e-05,
                3.368421285140562e-05
            ],
            "2": [
                4.521802008032129e-05,
                4.521802008032129e-05,
                3.240267871485944e-05,
                4.649955421686747e-05,
                4.0091883534136546e-05,
                4.2654951807228914e-05,
                3.881034939759036e-05,
                3.368421285140562e-05,
                5.034415662650603e-05,
                3.240267871485944e-05
            ]
        },
        "0.002": {
            "1": [
                8.110097590361445e-05,
                7.341177108433735e-05,
                7.981944176706827e-05,
                7.597483935742973e-05,
                6.95671686746988e-05,
                7.981944176706827e-05,
                7.981944176706827e-05,
                7.72563734939759e-05,
                7.597483935742973e-05,
                7.341177108433735e-05
            ],
            "2": [
                8.879018072289156e-05,
                7.72563734939759e-05,
                8.879018072289156e-05,
                8.366404417670683e-05,
                7.981944176706827e-05,
                8.110097590361445e-05,
                7.853790763052209e-05,
                8.62271124497992e-05,
                7.469330522088353e-05,
                6.444103212851406e-05
            ]
        },
        "0.003": {
            "1": [
                0.00012467313654618474,
                0.00011313932931726908,
                0.00011826546586345382,
                0.000119547,
                0.00011570239759036144,
                0.00012339160240963854,
                0.00011313932931726908,
                0.00010673165863453815,
                0.000119547,
                0.000119547
            ],