{
    "Current": {
        "-0.1": {
            "1": [
                -1.0111435210000002,
                -1.011781725
            ]
        },
        "-0.09": {
            "1": [
                -0.9122219010000001,
                -0.9109454930000002
            ]
        },
        "-0.08": {
            "1": [
                -0.8139384850000001,
                -0.8123429750000001
            ]
        },
        "-0.07": {
            "1": [
                -0.7111876410000001,
                -0.7111876410000001
            ]
        },
        "-0.06": {
            "1": [
                -0.6109896130000001,
                -0.6109896130000001
            ]
        },
        "-0.05": {
            "1": [
                -0.5149399110000001,
                -0.5146208090000001
            ]
        },
        "-0.04": {
            "1": [
                -0.415060985,
                -0.416337393
            ]
        },
        "-0.03": {
            "1": [
                -0.311991039,
                -0.315820263
            ]
        },
        "-0.02": {
            "1": [
                -0.21466492900000003,
                -0.21466492900000003
            ]
        },
        "-0.01": {
            "1": [
                -0.11797702300000001,
                -0.118934329
            ]
        },
        "0.0": {
            "1": [
                -0.013630669000000003,
                -0.012673363000000002
            ]
        },
        "0.01": {
            "1": [
                0.082738135,
                0.08369544100000001
            ]
        },
        "0.02": {
            "1": [
                0.181659755,
                0.18485077500000002
            ]
        },
        "0.03": {
            "1": [
                0.2828150890000001,
                0.2863252110000001
            ]
        },
        "0.04": {
            "1": [
                0.38173670900000006,
                0.3823749130000001
            ]
        },
        "0.05": {
            "1": [
                0.48321114500000006,
                0.4848066550000001
            ]
        },
        "0.06": {
            "1": [
                0.583090071,
                0.581175459
            ]
        },
        "0.07": {
            "1": [
                0.6852027110000001,
                0.6861600170000001
            ]
        },
        "0.08": {
            "1": [
                0.781252413,
                0.7809333110000001
            ]
        },
        "0.09": {
            "1": [
                0.8827268490000001,
                0.8808122370000001
            ]
        },
        "0.1": {
            "1": [
                0.984201285,
                0.9826057750000001
            ]
        }
    }
}