{
    "-0.005": {
        "1": [
            -0.0001752058514056225,
            -0.00019186579518072288,
            -0.00019186579518072288,
            -0.0001982734658634538,
            -0.00020339960240963855,
            -0.00020980727309236947,
            -0.0001982734658634538,
            -0.00019058426104417672,
            -0.00020211806827309236,
            -0.00018930272690763052
        ],
        "2": [
            -0.00020339960240963855,
            -0.00018545812449799197,
            -0.0001982734658634538,
            -0.00019058426104417672,
            -0.00019699193172690763,
            -0.00018930272690763052,
            -0.00019571039759036144,
            -0.00019699193172690763,
            -0.00019699193172690763,
            -0.00018545812449799197
        ]
    },
    "-0.004": {
        "1": [
            -0.0001482936345381526,
            -0.0001559828393574297,
            -0.00015470130522088354,
            -0.00014188596385542168,
            -0.00015213823694779115,
            -0.00016239051004016063,
            -0.00015341977108433735,
            -0.0001482936345381526,
            -0.0001572643734939759,
            -0.0001482936345381526
        ],
        "2": [
            -0.0001572643734939759,
            -0.0001585459076305221,
            -0.0001559828393574297,
            -0.00015213823694779115,
            -0.00014701210040160643,
            -0.0001495751686746988,
            -0.0001559828393574297,
            -0.00016367204417670682,
            -0.0001572643734939759,
            -0.00015213823694779115
        ]
    },
    "-0.003": {
        "1": [
            -0.00011497374698795181,
            -0.00011241067871485942,
            -0.00011112914457831326,
            -0.0001085660763052209,
            -0.00011881834939759037,
            -0.00011369221285140562,
            -0.00010984761044176706,
            -0.00011369221285140562,
            -0.00012266295180722892,
            -0.00012778908835341365
        ],
        "2": [
            -0.0001060030080321285,
            -0.00011112914457831326,
            -0.00012907062248995984,
            -0.00012138141767068273,
            -0.00012266295180722892,
            -0.00012138141767068273,
            -0.00012907062248995984,
            -0.00011753681526104417,
            -0.00011881834939759037,
            -0.0001252260200803213
        ]
    },
    "-0.002": {
        "1": [
            -6.627544979919679e-05,
            -8.677999598393574e-05,
            -7.524618875502008e-05,
            -7.652772289156626e-05,
            -7.140158634538153e-05,
            -8.549846184738956e-05,
            -7.524618875502008e-05,
            -6.883851807228915e-05,
            -7.012005220883534e-05,
            -7.524618875502008e-05
        ],
        "2": [
            -7.909079116465864e-05,
            -7.909079116465864e-05,
            -7.652772289156626e-05,
            -7.780925702811244e-05,
            -8.549846184738956e-05,
            -8.677999598393574e-05,
            -8.1653859437751e-05,
            -8.934306425702811e-05,
            -8.037232530120482e-05,
            -7.909079116465864e-05
        ]
    },
    "-0.001": {
        "1": [
            -3.295556224899599e-05,
            -2.5266357429718877e-05,
            -2.398482329317269e-05,
            -2.6547891566265058e-05,
            -2.9110959839357427e-05,
            -2.2703289156626502e-05,
            -3.551863052208835e-05,
            -3.0392493975903615e-05,
            -1.8858686746987952e-05,
            -2.5266357429718877e-05
        ],
        "2": [
            -3.295556224899599e-05,
            -1.8858686746987952e-05,
            -2.0140220883534133e-05,
            -3.423709638554217e-05,
            -3.1674028112449795e-05,
            -3.295556224899599e-05,
            -3.295556224899599e-05,
            -3.1674028112449795e-05,
            -2.6547891566265058e-05,
            -2.9110959839357427e-05
        ]
    },
    "0.0": {
        "1": [
            1.189813253012048e-05,
            9.335064257028112e-06,
            1.189813253012048e-05,
            5.490461847389559e-06,
            2.9273935742971907e-06,
            6.771995983935744e-06,
            6.771995983935744e-06,
            9.335064257028112e-06,
            3.6432530120481874e-07,
            8.053530120481928e-06
        ],
        "2": [
            8.053530120481928e-06,
            4.208927710843375e-06,
            -3.480277108433734e-06,
            1.189813253012048e-05,
            1.0616598393574297e-05,
            1.189813253012048e-05,
            1.189813253012048e-05,
            1.8305803212851406e-05,
            -3.480277108433734e-06,
            -8.606413654618471e-06
        ]
    },
    "0.001": {
        "1": [
            3.240267871485944e-05,
            3.496574698795181e-05,
            3.752881526104418e-05,
            4.521802008032129e-05,
            3.881034939759036e-05,
            4.778108835341365e-05,
            4.521802008032129e-05,
            4.778108835341365e-05,
            4.2654951807228914e-05,
            4.2654951807228914e-05
        ],
        "2": [
            3.6247281124497996e-05,
            4.39364859437751e-05,
            3.752881526104418e-05,
            5.034415662650603e-05,
            4.778108835341365e-05,
            4.649955421686747e-05,
            4.0091883534136546e-05,
            4.906262248995984e-05,
            4.649955421686747e-05,
            3.881034939759036e-05
        ]
    },
    "0.002": {
        "1": [
            7.597483935742973e-05,
            8.110097590361445e-05,
            8.238251004016064e-05,
            7.213023694779117e-05,
            8.879018072289156e-05,
            9.007171485943776e-05,
            8.750864658634538e-05,
            9.39163172690763e-05,
            8.62271124497992e-05,
            8.238251004016064e-05
        ],
        "2": [
            8.750864658634538e-05,
            7.981944176706827e-05,
            7.469330522088353e-05,
            9.135324899598394e-05,
            8.366404417670683e-05,
            6.95671686746988e-05,
            9.007171485943776e-05,
            8.110097590361445e-05,
            7.469330522088353e-05,
            8.238251004016064e-05
        ]
    },
    "0.003": {
        "1": [
            0.00011442086345381526,
            0.00013236234136546185,
            0.00012082853413654618,
            0.00011826546586345382,
            0.00013108080722891565,
            0.00013877001204819277,
            0.000119547,
            0.00011442086345381526,
            0.00011185779518072289,
            0.00011185779518072289
        ],
        "2": [
            0.00010545012449799197,
            0.00011826546586345382,
            0.0001285177389558233,
            0.000119547,
            0.0001285177389558233,
            0.00012979927309236946,
            0.00010929472690763052,
            0.00012211006827309237,
            0.000119547,
            0.000119547
        ]
    },
    "0.004": {
        "1": [
            0.00015158535341365463,
            0.00015158535341365463,
            0.00016440069477911647,
            0.00015542995582329316,
            0.00016311916064257027,
            0.00016311916064257027,
            0.00015671148995983935,
            0.0001618376265060241,
            0.00016568222891566266,
            0.00016696376305220883
        ],
        "2": [
            0.0001438961485943775,
            0.0001438961485943775,
            0.00014133308032128516,
            0.00015671148995983935,
            0.0001618376265060241,
            0.000154148421686747,
            0.0001528668875502008,
            0.00016696376305220883,
            0.00015671148995983935,
            0.00015799302409638555
        ]
    },