{
    "Current": {
        "-0.1": {
            "1": [
                -1.5925473650000002,
                -1.3171623390000002,
                -0.9785951170000001,
                -0.6196053670000001,
                -0.308800019,
                0.058486383,
                -0.12659277700000002,
                -0.05415662300000001,
                -0.298588755,
                -0.6665133610000001
            ]
        },
        "-0.09": {
            "1": [
                -0.326031527,
                -0.144143387,
                0.07348417700000001,
                0.11145731500000002,
                -0.08479041500000001,
                -0.416337393,
                -0.6470481390000001,
                -1.144847259,
                -1.366304047,
                -1.6624307030000003
            ]
        },
        "-0.08": {
            "1": [
                0.3137679830000001,
                0.190275509,
                -0.05319931700000001,
                -0.221685173,
                -0.533447827,
                -0.7408641270000001,
                -1.256213857,
                -1.5532978190000002,
                -1.8478289650000002,
                -1.6745565790000003
            ]
        },
        "-0.07": {
            "1": [
                0.114967437,
                -0.264125739,
                -0.426867759,
                -0.9521096510000001,
                -1.2134541890000001,
                -1.4744796250000003,
                -1.8085794190000002,
                -1.6777475990000001,
                -1.5354281070000002,
                -1.2906768730000002
            ]
        },
        "-0.06": {
            "1": [
                0.085610053,
                0.5301191390000001,
                0.31121516700000007,
                0.29717467900000005,
                0.039021161000000006,
                -0.291249409,
                -0.479200487,
                -1.1202764050000003,
                -1.3436478050000003,
                -1.5312797810000003
            ]
        },
        "-0.05": {
            "1": [
                -1.4818189710000003,
                -1.3793872290000002,
                -1.1158089770000001,
                -0.8857364350000001,
                -0.6543874850000001,
                -0.06436788700000001,
                0.16730016500000003,
                0.532352853,
                0.36546250700000005,
                0.4962943270000001
            ]
        },
        "-0.04": {
            "1": [
                0.594577743,
                0.638932921,
                0.40758397100000004,
                0.11464833500000002,
                -0.15977938500000002,
                -0.533447827,
                -0.8815881090000002,
                -1.1920743550000001,
                -1.507985335,
                -1.3366275610000002
            ]
        },
        "-0.03": {
            "1": [
                0.40311654300000005,
                0.771360251,
                0.6453149610000001,
                0.561391135,
                0.36546250700000005,
                0.025618877000000005,
                -0.18530754500000002,
                -0.7328865770000002,
                -1.003165971,
                -1.309503891
            ]
        },
        "-0.02": {
            "1": [
                0.22984415700000002,
                0.514483141,
                0.858475097,
                0.703391525,
                0.728281481,
                0.4666178410000001,
                0.173682205,
                -0.037882421000000006,
                -0.6052457770000002,
                -0.8755251710000002
            ]
        },
        "-0.01": {
            "1": [
                -0.9527478550000001,
                -1.0679436770000001,
                -1.2070721490000003,
                -0.9170084310000002,
                -0.6275829170000001,
                -0.395914865,
                0.2987701890000001,
                0.4120513990000001,
                0.619148597,
                0.940803413
            ]
        },
        "0.0": {
            "1": [
                -0.6878931950000001,
                -1.171332725,
                -0.9706175670000001,
                -0.8624419890000001,
                -0.5832277390000001,
                -0.356027115,
                -0.079046579,
                0.4244963770000001,
                0.7136027890000001,
                1.033023891
            ]
        },
        "0.01": {
            "1": [
                -0.5695063530000001,
                -0.272103289,
                -0.007567731000000001,
                0.522779793,
                0.7771040870000001,
                1.066210499,
                0.9995181810000001,
                1.1702377510000002,
                0.8466683230000001,
                0.550222565
            ]
        },
        "0.02": {
            "1": [
                0.906340397,
                1.137370245,
                1.275222309,
                1.0074957310000001,
                0.677863365,
                0.45002453700000006,
                0.012535695000000001,
                -0.262530229,
                -0.5452546010000001,
                -0.9540242630000001
            ]
        },
        "0.03": {
            "1": [
                -0.6186480610000001,
                -0.612266021,
                -0.453353225,
                -0.07681286500000001,
                0.19857216100000002,
                0.785719841,
                0.995688957,
                1.2318244370000002,
                1.2605436170000002,
                1.3141527530000001
            ]
        },
        "0.04": {
            "1": [
                -0.6936370310000001,
                -0.5950345130000001,
                -0.351878789,
                -0.24146949700000003,
                0.06072009700000001,
                0.5036336730000001,
                0.8578368930000001,
                1.0923768630000001,
                1.4567913470000002,
                1.2994740610000002
            ]
        },
        "0.05": {
            "1": [
                0.7305151950000001,
                0.3718445470000001,
                0.067102137,
                -0.22710990700000003,
                -0.5854614530000001,
                -0.44122734900000005,
                -0.411869965,
                -0.21977056100000003,
                0.17400130700000002,
                0.3903524630000001
            ]
        },
        "0.06": {
            "1": [
                1.025365443,
                1.171195057,
                1.428072167,
                1.5474163150000002,
                1.6769717270000002,
                1.435092411,
                1.029194667,
                0.872515585,
                0.193147427,
                0.13028433300000003
            ]
        },
        "0.07": {
            "1": [
                -0.12723098100000002,
                0.22154750500000003,
                0.39641540100000006,
                0.9755855310000001,
                1.162260201,
                1.377015847,
                1.7660011850000001,
                1.7120729470000002,
                1.530823011,
                1.2729885950000002
            ]
        },
        "0.08": {
            "1": [
                1.1970423190000001,
                1.3540405030000002,
                1.4909352610000002,
                1.7525989010000003,
                1.7995068950000002,
                1.5956007170000002,
                1.3546787070000001,
                1.071635233,
                0.6912656490000001,
                0.33036128700000006
            ]
        },