{
    "I-V data": [
        {
            "Pair number: 3": {
                "1": {
                    "output": [
                        0.0,
                        0.01,
                        0.02,
                        0.03,
                        0.04,
                        0.05,
                        0.06,
                        0.07,
                        0.08,
                        0.09,
                        0.1,
                        0.1,
                        0.09,
                        0.08,
                        0.07,
                        0.06,
                        0.05,
                        0.04,
                        0.03,
                        0.02,
                        0.01,
                        0.0,
                        -0.01,
                        -0.02,
                        -0.03,
                        -0.04,
                        -0.05,
                        -0.06,
                        -0.07,
                        -0.08,
                        -0.09,
                        -0.1,
                        -0.1,
                        -0.09,
                        -0.08,
                        -0.07,
                        -0.06,
                        -0.05,
                        -0.04,
                        -0.03,
                        -0.02,
                        -0.01
                    ],
                    "input": [
                        -1.0449223375000001e-08,
                        -1.0449223375000001e-08,
                        -1.0449223375000001e-08,
                        -1.0449223375000001e-08,
                        -1.0449223375000001e-08,
                        -1.0449223375000001e-08,
                        -1.0449223375000001e-08,
                        -1.0449223375000001e-08,
                        -1.0449223375000001e-08,
                        -1.0449223375000001e-08,
                        -1.0449223375000001e-08,
                        -1.0449223375000001e-08,
                        -1.0449223375000001e-08,
                        -1.0449223375000001e-08,
                        -1.0449223375000001e-08,
                        -1.0449223375000001e-08,
                        -1.0449223375000001e-08,
                        -1.0449223375000001e-08,
                        -1.0449223375000001e-08,
                        -1.0449223375000001e-08,
                        -1.0449223375000001e-08,
                        -1.0449223375000001e-08,
                        -1.0449223375000001e-08,
                        -1.0449223375000001e-08,
                        -1.0449223375000001e-08,
                        -1.0449223375000001e-08,
                        -1.0449223375000001e-08,
                        -1.0449223375000001e-08,
                        -1.0449223375000001e-08,
                        -1.0449223375000001e-08,
                        -1.0449223375000001e-08,
                        -1.0449223375000001e-08,
                        -1.0449223375000001e-08,
                        -1.0449223375000001e-08,
                        -1.0449223375000001e-08,
                        -1.0449223375000001e-08,
                        -1.0449223375000001e-08,
                        -1.0449223375000001e-08,
                        -1.0449223375000001e-08,
                        -1.0449223375000001e-08,
                        -1.0449223375000001e-08,
                        -1.0449223375000001e-08
                    ]
                }
            }
        },
        {
            "Pair number: 3": {
                "1": {
                    "output": [
                        0.0,
                        0.01,
                        0.02,
                        0.03,
                        0.04,
                        0.05,
                        0.06,
                        0.07,
                        0.08,
                        0.09,
                        0.1,
                        0.1,
                        0.09,
                        0.08,
                        0.07,
                        0.06,
                        0.05,
                        0.04,
                        0.03,
                        0.02,
                        0.01,
                        0.0,
                        -0.01,
                        -0.02,
                        -0.03,
                        -0.04,
                        -0.05,
                        -0.06,
                        -0.07,
                        -0.08,
                        -0.09,
                        -0.1,
                        -0.1,
                        -0.09,
                        -0.08,
                        -0.07,
                        -0.06,
                        -0.05,
                        -0.04,
                        -0.03,
                        -0.02,
                        -0.01
                    ],