{
    "I-V data": [
        {
            "Pair number: 1": {
                "1": {
                    "output": [
                        0.0,
                        0.01,
                        0.02,
                        0.03,
                        0.04,
                        0.05,
                        0.06,
                        0.07,
                        0.08,
                        0.09,
                        0.1,
                        0.1,
                        0.09,
                        0.08,
                        0.07,
                        0.06,
                        0.05,
                        0.04,
                        0.03,
                        0.02,
                        0.01,
                        0.0,
                        -0.01,
                        -0.02,
                        -0.03,
                        -0.04,
                        -0.05,
                        -0.06,
                        -0.07,
                        -0.08,
                        -0.09,
                        -0.1,
                        -0.1,
                        -0.09,
                        -0.08,
                        -0.07,
                        -0.06,
                        -0.05,
                        -0.04,
                        -0.03,
                        -0.02,
                        -0.01
                    ],
                    "input": [
                        -9.308706700000002e-11,
                        2.7533489000000002e-11,
                        2.3016325900000006e-10,
                        3.6195238500000005e-10,
                        2.11336241e-10,
                        5.856428870000001e-10,
                        6.893510370000001e-10,
                        6.044699050000001e-10,
                        4.114131950000001e-10,
                        7.952929010000001e-10,
                        1.033342993e-09,
                        1.1006735150000001e-09,
                        9.503764730000002e-10,
                        6.966903830000001e-10,
                        6.673329990000001e-10,
                        9.762237350000002e-10,
                        2.872825170000001e-10,
                        2.821768850000001e-10,
                        -1.7669179100000002e-10,
                        -2.3189643700000005e-10,
                        1.6219453300000004e-10,
                        2.962173730000001e-10,
                        -1.6169399700000004e-10,
                        -1.2372085900000002e-10,
                        -2.1626043900000004e-10,
                        -4.4058914500000004e-10,
                        -3.3815740300000003e-10,
                        -5.328096230000001e-10,
                        -6.496009550000002e-10,
                        -8.965859030000003e-10,
                        -1.4393784050000003e-09,
                        -9.221140630000002e-10,
                        -9.744467910000002e-10,
                        -1.0554986990000002e-09,
                        -7.057629070000002e-10,
                        -6.355604670000001e-10,
                        -6.524728730000001e-10,
                        -5.950345130000001e-10,
                        -3.6911029700000004e-10,
                        -2.6763586100000003e-10,
                        -1.8626485100000003e-10,
                        2.0144407900000004e-10
                    ]
                }
            }
        },
        {
            "Pair number: 1": {
                "2": {
                    "output": [
                        0.0,
                        0.01,
                        0.02,
                        0.03,
                        0.04,
                        0.05,
                        0.06,
                        0.07,
                        0.08,
                        0.09,
                        0.1,
                        0.1,
                        0.09,
                        0.08,
                        0.07,
                        0.06,
                        0.05,
                        0.04,
                        0.03,
                        0.02,
                        0.01,
                        0.0,
                        -0.01,
                        -0.02,
                        -0.03,
                        -0.04,
                        -0.05,
                        -0.06,
                        -0.07,
                        -0.08,
                        -0.09,
                        -0.1,
                        -0.1,
                        -0.09,
                        -0.08,
                        -0.07,
                        -0.06,
                        -0.05,
                        -0.04,
                        -0.03,
                        -0.02,
                        -0.01
                    ],