{
    "I-V data": [
        {
            "Pair number: 1": {
                "1": {
                    "output": [
                        0.0,
                        0.01,
                        0.02,
                        0.03,
                        0.04,
                        0.05,
                        0.06,
                        0.07,
                        0.08,
                        0.09,
                        0.1,
                        0.1,
                        0.09,
                        0.08,
                        0.07,
                        0.06,
                        0.05,
                        0.04,
                        0.03,
                        0.02,
                        0.01,
                        0.0,
                        -0.01,
                        -0.02,
                        -0.03,
                        -0.04,
                        -0.05,
                        -0.06,
                        -0.07,
                        -0.08,
                        -0.09,
                        -0.1,
                        -0.1,
                        -0.09,
                        -0.08,
                        -0.07,
                        -0.06,
                        -0.05,
                        -0.04,
                        -0.03,
                        -0.02,
                        -0.01
                    ],
                    "input": [
                        -8.925784300000003e-11,
                        -1.8417199000000005e-11,
                        2.0910252700000002e-10,
                        1.8867999900000002e-10,
                        4.311975190000001e-10,
                        4.0503115500000013e-10,
                        1.1720115100000002e-10,
                        8.926190110000001e-10,
                        8.578368930000001e-10,
                        7.538096410000001e-10,
                        1.4296676770000003e-09,
                        6.446767570000001e-10,
                        9.277202310000002e-10,
                        8.737919930000002e-10,
                        6.730768350000001e-10,
                        3.6418609900000007e-10,
                        5.524562790000001e-10,
                        1.33794455e-10,
                        2.6398807100000007e-10,
                        2.5345770500000004e-10,
                        -3.150038100000001e-11,
                        -3.83150785e-10,
                        4.0407384900000013e-10,
                        -2.4561782300000007e-10,
                        -4.1665649500000004e-10,
                        -3.5602711500000003e-10,
                        -2.2647170300000003e-10,
                        -6.636414430000001e-10,
                        -6.176907550000002e-10,
                        -7.121449470000001e-10,
                        -1.0360334770000002e-09,
                        -9.540242630000002e-10,
                        -1.3924704110000002e-09,
                        -8.081946490000002e-10,
                        -7.446933510000001e-10,
                        -7.009763770000002e-10,
                        -3.9208564100000005e-10,
                        -6.416234050000002e-10,
                        -4.6069257100000006e-10,
                        -2.47532435e-10,
                        -3.5698442100000003e-10,
                        -1.0680845300000002e-10
                    ]
                }
            }
        }
    ]
}