{
    "Current": {
        "-0.1": {
            "1": [
                -0.7127831510000001,
                -0.6996999690000001,
                -0.6674706670000001,
                -0.7316101690000001,
                -0.8736105590000002,
                -0.9425365910000001,
                -1.1614405630000002,
                -1.2064339450000001,
                -1.261638591,
                -1.369814169
            ]
        },
        "-0.09": {
            "1": [
                -1.2450452870000002,
                -1.2396205530000002,
                -1.174842847,
                -1.066667269,
                -0.9859344630000001,
                -0.8496779090000002,
                -0.7389495150000002,
                -0.6559829950000001,
                -0.536957949,
                -0.6215199790000001
            ]
        },
        "-0.08": {
            "1": [
                -0.552913049,
                -0.45016220500000004,
                -0.508557871,
                -0.560890599,
                -0.6234345910000001,
                -0.7379922090000001,
                -0.8155339950000001,
                -0.9948693190000002,
                -1.0768785330000001,
                -1.1384652190000002
            ]
        },
        "-0.07": {
            "1": [
                -0.528023093,
                -0.6760864210000002,
                -0.8133002810000001,
                -0.8790352930000002,
                -0.9948693190000002,
                -1.079112247,
                -1.040181803,
                -1.0124199290000002,
                -0.9106263910000001,
                -0.7823473870000002
            ]
        },
        "-0.06": {
            "1": [
                -0.7392686170000001,
                -0.6425807110000001,
                -0.47632856900000003,
                -0.407083435,
                -0.35538891100000003,
                -0.280719043,
                -0.274975207,
                -0.37613054100000004,
                -0.441865553,
                -0.5809940250000001
            ]
        },
        "-0.05": {
            "1": [
                -0.6767246250000001,
                -0.5704636590000001,
                -0.43771722700000004,
                -0.33720009700000003,
                -0.264125739,
                -0.15626926300000002,
                -0.20828288900000003,
                -0.17860640300000002,
                -0.27784712500000003,
                -0.401658701
            ]
        },
        "-0.04": {
            "1": [
                -0.16105579300000003,
                -0.09659718900000001,
                -0.121168043,
                -0.10457473900000001,
                -0.17924460700000003,
                -0.279123533,
                -0.37932156100000003,
                -0.5787603110000001,
                -0.631731243,
                -0.6786392370000001
            ]
        },
        "-0.03": {
            "1": [
                0.014769409,
                0.040935773,
                -0.048093685000000004,
                -0.20317725700000003,
                -0.256786393,
                -0.459735265,
                -0.5133444010000001,
                -0.5567422730000001,
                -0.6744909110000001,
                -0.6834257670000001
            ]
        },
        "-0.02": {
            "1": [
                0.045403201000000004,
                0.15581249300000002,
                0.10635168300000002,
                0.066783035,
                -0.0062913230000000014,
                -0.13233661300000002,
                -0.21147390900000002,
                -0.37613054100000004,
                -0.454310531,
                -0.510472483
            ]
        },
        "-0.01": {
            "1": [
                -0.301141571,
                -0.38729911100000003,
                -0.46643640700000005,
                -0.39208564100000004,
                -0.40580702700000004,
                -0.367833889,
                -0.23636386500000003,
                -0.13137930700000003,
                0.044764997,
                0.11688204900000002
            ]
        },
        "0.0": {
            "1": [
                0.23399248300000003,
                0.15932261500000003,
                0.06774034100000001,
                -0.095001679,
                -0.21019750100000004,
                -0.278804431,
                -0.37613054100000004,
                -0.325074221,
                -0.305928101,
                -0.24817063900000005
            ]
        },
        "0.01": {
            "1": [
                -0.12244445100000001,
                -0.18084011700000002,
                -0.22838631500000003,
                -0.25391447500000003,
                -0.249447047,
                -0.17924460700000003,
                -0.05862405100000001,
                0.046360507,
                0.249628481,
                0.2863252110000001
            ]
        },
        "0.02": {
            "1": [
                0.36227148700000006,
                0.37822658700000006,
                0.42736829500000006,
                0.5355438730000001,
                0.5336292610000001,
                0.4378986610000001,
                0.32589385900000006,
                0.24739476700000002,
                0.12262588500000002,
                0.018917735
            ]
        },
        "0.03": {
            "1": [
                0.005515451000000001,
                -0.04617907300000001,
                0.032639121,
                0.16666196100000003,
                0.26526447900000005,
                0.4634268210000001,
                0.5176741610000001,
                0.564263053,
                0.594577743,
                0.615638475
            ]
        },
        "0.04": {
            "1": [
                0.24771386900000003,
                0.3389770410000001,
                0.564263053,
                0.5760698270000001,
                0.654568919,
                0.7072207490000001,
                0.738811847,
                0.644676757,
                0.516078651,
                0.44204698700000006
            ]
        },
        "0.05": {
            "1": [
                0.6293598610000001,
                0.526928119,
                0.3651434050000001,
                0.31855451300000004,
                0.22122840300000002,
                0.091034787,
                0.181659755,
                0.219951995,
                0.2863252110000001,
                0.4098176850000001
            ]
        },
        "0.06": {
            "1": [
                0.8259266930000001,
                0.7046679330000001,
                0.637975615,
                0.4184334390000001,
                0.38875695300000007,
                0.31281067700000004,
                0.22441942300000003,
                0.24228913500000002,
                0.3319567970000001,
                0.3913097690000001
            ]
        },
        "0.07": {
            "1": [
                0.7809333110000001,
                0.713921891,
                0.524375303,
                0.45672567900000005,
                0.42385817300000006,
                0.36769622100000005,
                0.3501456110000001,
                0.41588062300000006,
                0.538734893,
                0.609256435
            ]
        },
        "0.08": {
            "1": [
                1.057275643,
                0.9660124710000001,
                0.847625629,
                0.7949737990000001,
                0.597130559,
                0.521822487,
                0.4311975190000001,
                0.507462897,
                0.4643841270000001,
                0.5221415890000001
            ]
        },