{
    "I-V data": [
        {
            "Pair number: 1": {
                "1": {
                    "output": [
                        0.0,
                        0.01,
                        0.02,
                        0.03,
                        0.04,
                        0.05,
                        0.06,
                        0.07,
                        0.08,
                        0.09,
                        0.1,
                        0.1,
                        0.09,
                        0.08,
                        0.07,
                        0.06,
                        0.05,
                        0.04,
                        0.03,
                        0.02,
                        0.01,
                        0.0,
                        -0.01,
                        -0.02,
                        -0.03,
                        -0.04,
                        -0.05,
                        -0.06,
                        -0.07,
                        -0.08,
                        -0.09,
                        -0.1,
                        -0.1,
                        -0.09,
                        -0.08,
                        -0.07,
                        -0.06,
                        -0.05,
                        -0.04,
                        -0.03,
                        -0.02,
                        -0.01
                    ],
                    "input": [
                        -6.404878500000002e-11,
                        9.344675000000001e-12,
                        9.901233700000001e-11,
                        2.6257081000000003e-11,
                        7.027533210000001e-10,
                        3.731209550000001e-10,
                        5.604338290000001e-10,
                        7.652973130000001e-10,
                        6.18510393e-10,
                        8.916617050000002e-10,
                        9.14317947e-10,
                        7.209421350000001e-10,
                        4.500245370000001e-10,
                        7.075398510000001e-10,
                        1.010367649e-09,
                        1.35389965e-10,
                        5.575619110000001e-10,
                        2.955791690000001e-10,
                        2.6941280500000004e-10,
                        1.1305282500000002e-10,
                        -2.5756545000000006e-11,
                        2.2761044300000003e-10,
                        2.668599890000001e-10,
                        -1.0010731100000002e-10,
                        1.0220335700000001e-10,
                        -2.79123533e-10,
                        -1.6775693500000004e-10,
                        -6.671515650000001e-10,
                        -6.023738590000001e-10,
                        -9.007342290000001e-10,
                        -9.840198510000002e-10,
                        -9.125410030000003e-10,
                        -1.3927895130000002e-09,
                        -4.88773547e-10,
                        -7.363966990000002e-10,
                        -6.582167090000001e-10,
                        -5.315332150000001e-10,
                        -8.4152211e-11,
                        -4.4409926700000007e-10,
                        -3.9495755900000004e-10,
                        -5.864187590000001e-10,
                        -3.150038100000001e-11
                    ]
                }
            }
        },
        {
            "Pair number: 1": {
                "2": {
                    "output": [
                        0.0,
                        0.01,
                        0.02,
                        0.03,
                        0.04,
                        0.05,
                        0.06,
                        0.07,
                        0.08,
                        0.09,
                        0.1,
                        0.1,
                        0.09,
                        0.08,
                        0.07,
                        0.06,
                        0.05,
                        0.04,
                        0.03,
                        0.02,
                        0.01,
                        0.0,
                        -0.01,
                        -0.02,
                        -0.03,
                        -0.04,
                        -0.05,
                        -0.06,
                        -0.07,
                        -0.08,
                        -0.09,
                        -0.1,
                        -0.1,
                        -0.09,
                        -0.08,
                        -0.07,
                        -0.06,
                        -0.05,
                        -0.04,
                        -0.03,
                        -0.02,
                        -0.01
                    ],