{
    "I-V data": [
        {
            "Pair number: 1": {
                "0.0": -1.3630669000000004e-11,
                "0.01": 8.305723700000001e-11,
                "0.02": 1.8165975500000002e-10,
                "0.03": 2.815386810000001e-10,
                "0.04": 3.8365132100000005e-10,
                "0.05": 4.825729410000001e-10,
                "0.06": 5.818136630000001e-10,
                "0.07": 6.855218130000001e-10,
                "0.08": 7.80614209e-10,
                "0.09": 8.804931350000001e-10,
                "0.1": 9.79733857e-10,
                "-0.01": -1.1638151300000003e-10,
                "-0.02": -2.1562223500000003e-10,
                "-0.03": -3.1167193700000005e-10,
                "-0.04": -4.1474188300000004e-10,
                "-0.05": -5.152590130000001e-10,
                "-0.06": -6.151379390000002e-10,
                "-0.07": -7.102303350000002e-10,
                "-0.08": -8.123429750000001e-10,
                "-0.09": -9.119027990000003e-10,
                "-0.1": -1.006676093e-09
            }
        }
    ]
}