{
    "Current": {
        "-0.1": {
            "1": [
                -0.9639164250000002,
                -0.9620018130000001,
                -0.9667883430000002,
                -0.9651928330000001,
                -0.9687029550000001,
                -0.9690220570000001,
                -0.9683838530000002,
                -0.9754040970000002,
                -0.9709366690000001,
                -0.9693411590000002
            ]
        },
        "0.0": {
            "1": [
                0.007430063000000001,
                0.005834553000000001,
                0.0007289210000000004,
                0.002643533,
                0.005834553000000001,
                0.0042390430000000005,
                -0.0005474870000000001,
                0.002962635,
                0.0013671250000000003,
                0.0016862270000000002
            ]
        }
    }
}