{
    "Current": {
        "-0.005": {
            "1": [
                -0.000199555,
                -0.00020468113654618475,
                -0.0001982734658634538,
                -0.00018673965863453816,
                -0.0001982734658634538,
                -0.00019314732931726908,
                -0.00018673965863453816,
                -0.00019442886345381525,
                -0.00019314732931726908,
                -0.0001982734658634538
            ],
            "2": [
                -0.00018802119277108433,
                -0.00019186579518072288,
                -0.00018673965863453816,
                -0.0001982734658634538,
                -0.00018417659036144577,
                -0.0002072442048192771,
                -0.00019186579518072288,
                -0.00018930272690763052,
                -0.0001982734658634538,
                -0.00019571039759036144
            ]
        },
        "-0.004": {
            "1": [
                -0.00016110897590361446,
                -0.00015341977108433735,
                -0.00015982744176706827,
                -0.00015470130522088354,
                -0.00015341977108433735,
                -0.00015213823694779115,
                -0.00016239051004016063,
                -0.00016495357831325302,
                -0.00016110897590361446,
                -0.00015341977108433735
            ],
            "2": [
                -0.00015213823694779115,
                -0.00015341977108433735,
                -0.00014573056626506024,
                -0.00014573056626506024,
                -0.00015470130522088354,
                -0.00014701210040160643,
                -0.00016110897590361446,
                -0.0001585459076305221,
                -0.0001572643734939759,
                -0.00015341977108433735
            ]
        },
        "-0.003": {
            "1": [
                -0.00011112914457831326,
                -0.00011625528112449798,
                -0.00013675982730923696,
                -0.00013419675903614457,
                -0.00011112914457831326,
                -0.00012266295180722892,
                -0.00012009988353413654,
                -0.00011112914457831326,
                -0.00011753681526104417,
                -0.00011625528112449798
            ],
            "2": [
                -0.00011369221285140562,
                -0.00011497374698795181,
                -0.00012009988353413654,
                -0.00011753681526104417,
                -0.0001252260200803213,
                -0.0001252260200803213,
                -0.0001239444859437751,
                -0.00012266295180722892,
                -0.00011881834939759037,
                -0.000130352156626506
            ]
        },
        "-0.002": {
            "1": [
                -8.806153012048193e-05,
                -8.1653859437751e-05,
                -8.806153012048193e-05,
                -8.677999598393574e-05,
                -7.524618875502008e-05,
                -7.780925702811244e-05,
                -7.396465461847389e-05,
                -7.26831204819277e-05,
                -8.037232530120482e-05,
                -7.652772289156626e-05
            ],
            "2": [
                -8.293539357429718e-05,
                -7.909079116465864e-05,
                -8.806153012048193e-05,
                -7.524618875502008e-05,
                -8.293539357429718e-05,
                -8.037232530120482e-05,
                -8.677999598393574e-05,
                -8.421692771084338e-05,
                -7.140158634538153e-05,
                -7.652772289156626e-05
            ]
        },
        "-0.001": {
            "1": [
                -3.295556224899599e-05,
                -2.9110959839357427e-05,
                -3.295556224899599e-05,
                -3.295556224899599e-05,
                -1.8858686746987952e-05,
                -3.680016465863453e-05,
                -3.1674028112449795e-05,
                -2.5266357429718877e-05,
                -2.2703289156626502e-05,
                -3.1674028112449795e-05
            ],
            "2": [
                -2.142175502008032e-05,
                -2.5266357429718877e-05,
                -3.423709638554217e-05,
                -3.423709638554217e-05,
                -3.808169879518073e-05,
                -3.808169879518073e-05,
                -3.0392493975903615e-05,
                -3.423709638554217e-05,
                -3.423709638554217e-05,
                -2.6547891566265058e-05
            ]
        },
        "0.0": {
            "1": [
                1.5742734939759037e-05,
                1.0616598393574297e-05,
                1.0616598393574297e-05,
                9.335064257028112e-06,
                8.053530120481928e-06,
                4.208927710843375e-06,
                5.490461847389559e-06,
                1.8305803212851406e-05,
                4.208927710843375e-06,
                1.4461200803212851e-05
            ],
            "2": [
                1.5742734939759037e-05,
                1.5742734939759037e-05,
                1.4461200803212851e-05,
                1.189813253012048e-05,
                9.335064257028112e-06,
                1.645859437751003e-06,
                5.490461847389559e-06,
                3.6432530120481874e-07,
                -7.3248795180722904e-06,
                4.208927710843375e-06
            ]
        },
        "0.001": {
            "1": [
                4.2654951807228914e-05,
                2.9839610441767068e-05,
                3.240267871485944e-05,
                4.137341767068273e-05,
                3.6247281124497996e-05,
                3.6247281124497996e-05,
                4.521802008032129e-05,
                4.906262248995984e-05,
                5.034415662650603e-05,
                4.521802008032129e-05
            ],
            "2": [
                4.2654951807228914e-05,
                5.034415662650603e-05,
                4.0091883534136546e-05,
                2.9839610441767068e-05,
                4.2654951807228914e-05,
                2.9839610441767068e-05,
                3.240267871485944e-05,
                3.496574698795181e-05,
                4.521802008032129e-05,
                4.2654951807228914e-05
            ]
        },
        "0.002": {
            "1": [
                7.213023694779117e-05,
                8.110097590361445e-05,
                7.469330522088353e-05,
                8.366404417670683e-05,
                7.853790763052209e-05,
                7.853790763052209e-05,
                7.341177108433735e-05,
                8.62271124497992e-05,
                7.597483935742973e-05,
                8.238251004016064e-05
            ],
            "2": [
                8.366404417670683e-05,
                7.341177108433735e-05,
                7.213023694779117e-05,
                7.213023694779117e-05,
                6.95671686746988e-05,
                8.4945578313253e-05,
                7.213023694779117e-05,
                7.72563734939759e-05,
                9.39163172690763e-05,
                8.62271124497992e-05
            ]
        },
        "0.003": {
            "1": [
                0.00010801319277108433,
                0.00011826546586345382,
                0.00011698393172690762,
                0.00010929472690763052,
                0.00011698393172690762,
                0.00011442086345381526,
                0.00011185779518072289,
                0.00012211006827309237,
                0.00010929472690763052,
                0.00012339160240963854
            ],