{
    "Current": {
        "-0.1": {
            "1": [
                -1.010186215,
                -1.008590705
            ]
        },
        "-0.09": {
            "1": [
                -0.9099881870000002,
                -0.9109454930000002
            ]
        },
        "-0.08": {
            "1": [
                -0.8139384850000001,
                -0.8139384850000001
            ]
        },
        "-0.07": {
            "1": [
                -0.7105494370000001,
                -0.7092730290000001
            ]
        },
        "-0.06": {
            "1": [
                -0.6113087150000001,
                -0.6129042250000001
            ]
        },
        "-0.05": {
            "1": [
                -0.5149399110000001,
                -0.5127061970000001
            ]
        },
        "-0.04": {
            "1": [
                -0.416656495,
                -0.417613801
            ]
        },
        "-0.03": {
            "1": [
                -0.315820263,
                -0.310395529
            ]
        },
        "-0.02": {
            "1": [
                -0.21338852100000003,
                -0.21338852100000003
            ]
        },
        "-0.01": {
            "1": [
                -0.11542420700000001,
                -0.11606241100000002
            ]
        },
        "0.0": {
            "1": [
                -0.013311567000000002,
                -0.017778995
            ]
        },
        "0.01": {
            "1": [
                0.08465274700000001,
                0.08465274700000001
            ]
        },
        "0.02": {
            "1": [
                0.18038334700000003,
                0.184531673
            ]
        },
        "0.03": {
            "1": [
                0.2850488030000001,
                0.28313419100000004
            ]
        },
        "0.04": {
            "1": [
                0.3865232390000001,
                0.38269401500000005
            ]
        },
        "0.05": {
            "1": [
                0.48321114500000006,
                0.4822538390000001
            ]
        },
        "0.06": {
            "1": [
                0.581175459,
                0.583728275
            ]
        },
        "0.07": {
            "1": [
                0.6867982210000001,
                0.6842454050000001
            ]
        },
        "0.08": {
            "1": [
                0.7834861270000001,
                0.784124331
            ]
        },
        "0.09": {
            "1": [
                0.8808122370000001,
                0.8827268490000001
            ]
        },
        "0.1": {
            "1": [
                0.985158591,
                0.980691163
            ]
        }
    }
}