{
    "Current": {},
    "-0.5": {
        "1": [
            -0.019759610526104417,
            -0.01976217359437751,
            -0.01976217359437751,
            -0.019774988935742973,
            -0.019780115072289158,
            -0.01977627046987952,
            -0.019780115072289158,
            -0.019773707401606427,
            -0.019781396606425704,
            -0.01978267814056225
        ],
        "2": [
            -0.019759610526104417,
            -0.01976217359437751,
            -0.01976217359437751,
            -0.019774988935742973,
            -0.019780115072289158,
            -0.01977627046987952,
            -0.019780115072289158,
            -0.019773707401606427,
            -0.019781396606425704,
            -0.01978267814056225
        ],
        "3": [
            -0.019759610526104417,
            -0.01976217359437751,
            -0.01976217359437751,
            -0.019774988935742973,
            -0.019780115072289158,
            -0.01977627046987952,
            -0.019780115072289158,
            -0.019773707401606427,
            -0.019781396606425704,
            -0.01978267814056225
        ]
    },
    "-0.4": {
        "1": [
            -0.019759610526104417,
            -0.01976217359437751,
            -0.01976217359437751,
            -0.019774988935742973,
            -0.019780115072289158,
            -0.01977627046987952,
            -0.019780115072289158,
            -0.019773707401606427,
            -0.019781396606425704,
            -0.01978267814056225
        ],
        "2": [
            -0.019759610526104417,
            -0.01976217359437751,
            -0.01976217359437751,
            -0.019774988935742973,
            -0.019780115072289158,
            -0.01977627046987952,
            -0.019780115072289158,
            -0.019773707401606427,
            -0.019781396606425704,
            -0.01978267814056225
        ],
        "3": [
            -0.019759610526104417,
            -0.01976217359437751,
            -0.01976217359437751,
            -0.019774988935742973,
            -0.019780115072289158,
            -0.01977627046987952,
            -0.019780115072289158,
            -0.019773707401606427,
            -0.019781396606425704,
            -0.01978267814056225
        ]
    },
    "-0.3": {
        "1": [
            -0.019759610526104417,
            -0.01976217359437751,
            -0.01976217359437751,
            -0.019774988935742973,
            -0.019780115072289158,
            -0.01977627046987952,
            -0.019780115072289158,
            -0.019773707401606427,
            -0.019781396606425704,
            -0.01978267814056225
        ],
        "2": [
            -0.019759610526104417,
            -0.01976217359437751,
            -0.01976217359437751,
            -0.019774988935742973,
            -0.019780115072289158,
            -0.01977627046987952,
            -0.019780115072289158,
            -0.019773707401606427,
            -0.019781396606425704,
            -0.01978267814056225
        ],
        "3": [
            -0.019759610526104417,
            -0.01976217359437751,
            -0.01976217359437751,
            -0.019774988935742973,
            -0.019780115072289158,
            -0.01977627046987952,
            -0.019780115072289158,
            -0.019773707401606427,
            -0.019781396606425704,
            -0.01978267814056225
        ]
    },
    "-0.2": {
        "1": [
            -0.019759610526104417,
            -0.01976217359437751,
            -0.01976217359437751,
            -0.019774988935742973,
            -0.019780115072289158,
            -0.01977627046987952,
            -0.019780115072289158,
            -0.019773707401606427,
            -0.019781396606425704,
            -0.01978267814056225
        ],
        "2": [
            -0.019759610526104417,
            -0.01976217359437751,
            -0.01976217359437751,
            -0.019774988935742973,
            -0.019780115072289158,
            -0.01977627046987952,
            -0.019780115072289158,
            -0.019773707401606427,
            -0.019781396606425704,
            -0.01978267814056225
        ],
        "3": [
            -0.019759610526104417,
            -0.01976217359437751,
            -0.01976217359437751,
            -0.019774988935742973,
            -0.019780115072289158,
            -0.01977627046987952,
            -0.019780115072289158,
            -0.019773707401606427,
            -0.019781396606425704,
            -0.01978267814056225
        ]
    },
    "-0.1": {
        "1": [
            -0.019759610526104417,
            -0.01976217359437751,
            -0.01976217359437751,
            -0.019774988935742973,
            -0.019780115072289158,
            -0.01977627046987952,
            -0.019780115072289158,
            -0.019773707401606427,
            -0.019781396606425704,
            -0.01978267814056225
        ],
        "2": [
            -0.019759610526104417,
            -0.01976217359437751,
            -0.01976217359437751,
            -0.019774988935742973,
            -0.019780115072289158,
            -0.01977627046987952,
            -0.019780115072289158,
            -0.019773707401606427,
            -0.019781396606425704,
            -0.01978267814056225
        ],
        "3": [
            -0.019759610526104417,
            -0.01976217359437751,
            -0.01976217359437751,
            -0.019774988935742973,
            -0.019780115072289158,
            -0.01977627046987952,
            -0.019780115072289158,
            -0.019773707401606427,
            -0.019781396606425704,
            -0.01978267814056225
        ]
    },
    "0.0": {
        "1": [
            -0.019759610526104417,
            -0.01976217359437751,
            -0.01976217359437751,
            -0.019774988935742973,
            -0.019780115072289158,
            -0.01977627046987952,
            -0.019780115072289158,
            -0.019773707401606427,
            -0.019781396606425704,
            -0.01978267814056225
        ],
        "2": [
            -0.019759610526104417,
            -0.01976217359437751,
            -0.01976217359437751,
            -0.019774988935742973,
            -0.019780115072289158,
            -0.01977627046987952,
            -0.019780115072289158,
            -0.019773707401606427,
            -0.019781396606425704,
            -0.01978267814056225
        ],
        "3": [
            -0.019759610526104417,
            -0.01976217359437751,
            -0.01976217359437751,
            -0.019774988935742973,
            -0.019780115072289158,
            -0.01977627046987952,
            -0.019780115072289158,
            -0.019773707401606427,
            -0.019781396606425704,
            -0.01978267814056225
        ]
    },
    "0.1": {
        "1": [
            -0.019759610526104417,
            -0.01976217359437751,
            -0.01976217359437751,
            -0.019774988935742973,
            -0.019780115072289158,
            -0.01977627046987952,
            -0.019780115072289158,
            -0.019773707401606427,
            -0.019781396606425704,
            -0.01978267814056225
        ],
        "2": [
            -0.019759610526104417,
            -0.01976217359437751,
            -0.01976217359437751,
            -0.019774988935742973,
            -0.019780115072289158,
            -0.01977627046987952,
            -0.019780115072289158,
            -0.019773707401606427,
            -0.019781396606425704,
            -0.01978267814056225
        ],
        "3": [
            -0.019759610526104417,
            -0.01976217359437751,
            -0.01976217359437751,
            -0.019774988935742973,
            -0.019780115072289158,
            -0.01977627046987952,
            -0.019780115072289158,
            -0.019773707401606427,
            -0.019781396606425704,
            -0.01978267814056225
        ]
    },