{
    "-0.05": {
        "1": [
            -0.0019808874497991968,
            -0.0019796059156626505,
            -0.0019770428473895583,
            -0.0019911397228915663,
            -0.0019860135863453816,
            -0.0019911397228915663,
            -0.0019860135863453816,
            -0.0019770428473895583,
            -0.0019655090401606424,
            -0.001982168983935743
        ],
        "2": [
            -0.0019860135863453816,
            -0.0019796059156626505,
            -0.0019731982449799194,
            -0.001983450518072289,
            -0.0019808874497991968,
            -0.0019872951204819274,
            -0.0019808874497991968,
            -0.001975761313253012,
            -0.001969353642570281,
            -0.0019911397228915663
        ]
    },
    "-0.04": {
        "1": [
            -0.0015861749357429717,
            -0.0015823303333333332,
            -0.001587456469879518,
            -0.0015861749357429717,
            -0.0015938641405622489,
            -0.0015836118674698793,
            -0.001588738004016064,
            -0.0015900195381526104,
            -0.0015836118674698793,
            -0.0015938641405622489
        ],
        "2": [
            -0.0015900195381526104,
            -0.0015848934016064256,
            -0.0015823303333333332,
            -0.0016105240843373493,
            -0.0015861749357429717,
            -0.0015964272088353413,
            -0.0015938641405622489,
            -0.0016041164136546184,
            -0.0015900195381526104,
            -0.001588738004016064
        ]
    },
    "-0.03": {
        "1": [
            -0.0011876178192771084,
            -0.0011914624216867468,
            -0.0011760840120481927,
            -0.0011799286144578312,
            -0.0011786470803212851,
            -0.0011773655461847388,
            -0.0011786470803212851,
            -0.0011812101485943775,
            -0.0011748024779116464,
            -0.0011914624216867468
        ],
        "2": [
            -0.0011914624216867468,
            -0.0011824916827309236,
            -0.0011824916827309236,
            -0.0011940254899598392,
            -0.0011799286144578312,
            -0.0011940254899598392,
            -0.0011837732168674699,
            -0.0011888993534136544,
            -0.0011824916827309236,
            -0.0011837732168674699
        ]
    },
    "-0.02": {
        "1": [
            -0.0007967499076305221,
            -0.0007916237710843373,
            -0.0007929053052208835,
            -0.000789060702811245,
            -0.0007954683734939759,
            -0.0007826530321285141,
            -0.0007941868393574297,
            -0.0007877791686746988,
            -0.0007903422369477912,
            -0.0007916237710843373
        ],
        "2": [
            -0.0007877791686746988,
            -0.0008018760441767069,
            -0.0007852161004016064,
            -0.0007929053052208835,
            -0.0007954683734939759,
            -0.0008031575783132531,
            -0.0007954683734939759,
            -0.0007993129759036145,
            -0.0007980314417670683,
            -0.0007967499076305221
        ]
    },
    "-0.01": {
        "1": [
            -0.0004122896666666667,
            -0.0004097265983935743,
            -0.0004122896666666667,
            -0.0004071635301204819,
            -0.00040075585943775104,
            -0.00040203739357429723,
            -0.00039947432530120484,
            -0.00040075585943775104,
            -0.00039947432530120484,
            -0.00039819279116465865
        ],
        "2": [
            -0.0004046004618473895,
            -0.00039306665461847387,
            -0.0004084450642570281,
            -0.00039562972289156626,
            -0.00039691125702811245,
            -0.0004046004618473895,
            -0.00040075585943775104,
            -0.0004033189277108433,
            -0.0003917851204819277,
            -0.0004033189277108433
        ]
    },
    "0.0": {
        "1": [
            4.208927710843375e-06,
            1.5742734939759037e-05,
            1.645859437751003e-06,
            3.6432530120481874e-07,
            -9.172088353413656e-07,
            8.053530120481928e-06,
            1.645859437751003e-06,
            2.9273935742971907e-06,
            -4.761811244979922e-06,
            1.645859437751003e-06
        ],
        "2": [
            -9.172088353413656e-07,
            1.645859437751003e-06,
            1.0616598393574297e-05,
            3.6432530120481874e-07,
            1.645859437751003e-06,
            1.0616598393574297e-05,
            2.9273935742971907e-06,
            1.3179666666666665e-05,
            9.335064257028112e-06,
            -2.1987429718875532e-06
        ]
    },
    "0.01": {
        "1": [
            0.00040020297590361443,
            0.0003925137710843374,
            0.0003861061004016064,
            0.00039763990763052204,
            0.00039507683935742976,
            0.0004066106465863454,
            0.0003886691686746988,
            0.00039635837349397585,
            0.00039507683935742976,
            0.0003861061004016064
        ],
        "2": [
            0.00038097996385542173,
            0.00039507683935742976,
            0.00039379530522088357,
            0.000383543032128514,
            0.0003925137710843374,
            0.0003861061004016064,
            0.0003925137710843374,
            0.0003861061004016064,
            0.00039379530522088357,
            0.00039635837349397585
        ]
    },
    "0.02": {
        "1": [
            0.0007821001485943775,
            0.0007885078192771084,
            0.0007897893534136546,
            0.0007833816827309236,
            0.0007782555461847389,
            0.0007923524216867469,
            0.0007872262851405622,
            0.0007808186144578313,
            0.0007692848072289156,
            0.0007910708875502008
        ],
        "2": [
            0.0007961970240963855,
            0.000785944751004016,
            0.0007795370803212851,
            0.0007910708875502008,
            0.0007833816827309236,
            0.0007756924779116466,
            0.0007872262851405622,
            0.000785944751004016,
            0.0007808186144578313,
            0.0007897893534136546
        ]
    },
    "0.03": {
        "1": [
            0.0011985987429718875,
            0.0011896280040160643,
            0.0011909095381526106,
            0.0011857834016064258,
            0.0011768126626506025,
            0.0011768126626506025,
            0.0011870649357429719,
            0.0011960356746987953,
            0.0011857834016064258,
            0.0011832203333333334
        ],
        "2": [
            0.0011998802771084338,
            0.0011973172088353414,
            0.0011909095381526106,
            0.0011883464698795182,
            0.0011921910722891566,
            0.0011921910722891566,
            0.0012037248795180723,
            0.0011960356746987953,
            0.0011973172088353414,
            0.0011909095381526106
        ]
    },
    "0.04": {
        "1": [
            0.0015804959156626506,
            0.0015804959156626506,
            0.0015843405180722891,
            0.0015792143815261046,
            0.001583058983935743,
            0.001583058983935743,
            0.0015804959156626506,
            0.0015740882449799198,
            0.0015804959156626506,
            0.0015766513132530122
        ],
        "2": [
            0.0015881851204819278,
            0.0015843405180722891,
            0.001583058983935743,
            0.001581777449799197,
            0.0015843405180722891,
            0.001581777449799197,
            0.0015856220522088354,
            0.0015881851204819278,
            0.0015843405180722891,
            0.001595874325301205
        ]
    },