{
    "Current": {
        "-0.1": {
            "1": [
                -1.2622767950000002,
                -1.3126949110000001,
                -1.3366275610000002,
                -1.3880029830000002,
                -1.316524135,
                -1.1151707730000002,
                -1.061242535,
                -0.8547835410000001,
                -0.7963878750000001,
                -0.7271427410000001
            ]
        },
        "-0.09": {
            "1": [
                -1.181863091,
                -1.2878049550000001,
                -1.2393014510000002,
                -1.1665461950000002,
                -1.1266584450000001,
                -1.0235884990000002,
                -0.9157320230000001,
                -0.7306528630000001,
                -0.6320503450000001,
                -0.5669535370000001
            ]
        },
        "-0.08": {
            "1": [
                -0.8866937410000001,
                -0.8436149710000002,
                -0.6269447130000001,
                -0.5337669290000001,
                -0.474733059,
                -0.501537627,
                -0.476009467,
                -0.5816322290000001,
                -0.6789583390000001,
                -0.7906440390000001
            ]
        },
        "-0.07": {
            "1": [
                -0.8985005150000002,
                -0.9498759370000002,
                -1.0095480110000001,
                -1.027736825,
                -1.093152735,
                -0.9757231990000002,
                -0.8688240290000001,
                -0.7491607790000001,
                -0.5825895350000001,
                -0.5203646450000001
            ]
        },
        "-0.06": {
            "1": [
                -0.449524001,
                -0.335285485,
                -0.255509985,
                -0.300822469,
                -0.316139365,
                -0.385703601,
                -0.5146208090000001,
                -0.6033311650000001,
                -0.8126620770000001,
                -0.8723341510000001
            ]
        },
        "-0.05": {
            "1": [
                -0.8257452590000002,
                -0.8474441950000001,
                -0.7900058350000001,
                -0.6585358110000001,
                -0.5711018630000001,
                -0.345496749,
                -0.309119121,
                -0.24466051700000005,
                -0.15403554900000002,
                -0.15882207900000003
            ]
        },
        "-0.04": {
            "1": [
                -0.44314196100000003,
                -0.24529872100000003,
                -0.17126705700000003,
                -0.10712755500000001,
                -0.09181065900000002,
                -0.073302743,
                -0.16424681300000002,
                -0.295397735,
                -0.37932156100000003,
                -0.5717400670000001
            ]
        },
        "-0.03": {
            "1": [
                -0.5931199010000001,
                -0.6853403790000001,
                -0.6630032390000001,
                -0.5800367190000001,
                -0.5111106870000001,
                -0.402616007,
                -0.298269653,
                -0.132017511,
                -0.05447572500000001,
                0.034234631
            ]
        },
        "-0.02": {
            "1": [
                0.07029315700000001,
                0.128688823,
                0.13124163900000002,
                0.038702059000000004,
                -0.04107344100000001,
                -0.15275914100000001,
                -0.356346217,
                -0.422081229,
                -0.5056859530000001,
                -0.5857805550000001
            ]
        },
        "-0.01": {
            "1": [
                -0.36464286900000004,
                -0.37262041900000004,
                -0.45845885700000005,
                -0.488454445,
                -0.366238379,
                -0.263806637,
                -0.14031416300000002,
                0.053061649,
                0.106989887,
                0.16251363500000002
            ]
        },
        "0.0": {
            "1": [
                0.2623925610000001,
                0.11432923300000002,
                0.011578389000000001,
                -0.17190526100000003,
                -0.21243121500000003,
                -0.26763586100000003,
                -0.381555275,
                -0.361451849,
                -0.251042557,
                -0.192008687
            ]
        },
        "0.01": {
            "1": [
                -0.09851180100000001,
                0.044126793000000004,
                0.11273372300000001,
                0.27292292700000004,
                0.3683344250000001,
                0.4551301690000001,
                0.41268960300000007,
                0.41268960300000007,
                0.31057696300000004,
                0.17846873500000002
            ]
        },
        "0.02": {
            "1": [
                0.43853686500000005,
                0.550222565,
                0.49469881700000007,
                0.5071437950000001,
                0.4094985830000001,
                0.26494537700000004,
                0.154216983,
                0.007749165000000001,
                -0.084152211,
                -0.14031416300000002
            ]
        },
        "0.03": {
            "1": [
                -0.04522176700000001,
                -0.018098097,
                -0.06915441700000001,
                0.037744753000000006,
                0.16315183900000002,
                0.23526889100000004,
                0.4691706570000001,
                0.516716855,
                0.537777587,
                0.636061003
            ]
        },
        "0.04": {
            "1": [
                0.7072207490000001,
                0.6089373330000001,
                0.4959752250000001,
                0.40694576700000007,
                0.22920595300000002,
                0.11113821300000001,
                0.07858980900000001,
                0.043169487000000006,
                0.019555939,
                0.15006865700000002
            ]
        },
        "0.05": {
            "1": [
                0.31185337100000005,
                0.4107749910000001,
                0.523737099,
                0.6488250830000001,
                0.7624253950000001,
                0.8533694650000001,
                0.8125244090000001,
                0.784762535,
                0.7187084210000001,
                0.5939395390000001
            ]
        },
        "0.06": {
            "1": [
                0.9538865950000001,
                0.9171898650000001,
                0.8712391770000001,
                0.7850816370000001,
                0.684883609,
                0.5993642730000001,
                0.4107749910000001,
                0.3080241470000001,
                0.22697223900000002,
                0.26175435700000005
            ]
        },
        "0.07": {
            "1": [
                0.9420798210000001,
                0.811567103,
                0.7062634430000001,
                0.4994853470000001,
                0.4749144930000001,
                0.4378986610000001,
                0.33610512300000006,
                0.34982650900000006,
                0.42481547900000005,
                0.5310764450000001
            ]
        },
        "0.08": {
            "1": [
                0.7710411490000001,
                0.603193497,
                0.4777864110000001,
                0.43055931500000005,
                0.4720425750000001,
                0.4257727850000001,
                0.550860769,
                0.6593554490000001,
                0.721261237,
                0.9733518170000001
            ]
        },