{
    "Current": {
        "-0.1": {
            "1": [
                -1.7045521670000001,
                -1.9151594870000002,
                -1.8969706730000002,
                -2.072795875,
                -1.8136850510000002,
                -1.5284078630000002,
                -1.3462006210000002,
                -0.6113087150000001,
                -0.5155781150000001,
                -0.339114709
            ]
        },
        "-0.09": {
            "1": [
                -0.9562579770000001,
                -0.525470277,
                -0.16041758900000003,
                0.17751142900000003,
                -0.05894315300000001,
                0.14592033100000001,
                -0.13967595900000002,
                -0.540468071,
                -0.6690661770000002,
                -1.3828973510000002
            ]
        },
        "-0.08": {
            "1": [
                -1.518515701,
                -1.1531439110000001,
                -0.9635973230000001,
                -0.43995094100000004,
                -0.09723539300000002,
                0.053699853000000006,
                0.08624825700000001,
                0.27515664100000004,
                0.058167281,
                -0.370705807
            ]
        },
        "-0.07": {
            "1": [
                -0.9891254830000001,
                -0.6266256110000001,
                -0.303375285,
                0.007430063000000001,
                0.36769622100000005,
                0.16315183900000002,
                0.158365309,
                0.061358301000000004,
                -0.326031527,
                -0.6400278950000001
            ]
        },
        "-0.06": {
            "1": [
                -1.3155668290000002,
                -1.7252937970000002,
                -1.5481921870000002,
                -1.4460795470000003,
                -1.2737644670000001,
                -0.9875299730000001,
                -0.7108685390000001,
                -0.20924019500000002,
                0.11305282500000001,
                0.37503556700000007
            ]
        },
        "-0.05": {
            "1": [
                0.2987701890000001,
                0.45353465900000006,
                0.5610720330000001,
                0.29749378100000007,
                0.049232425,
                -0.288058389,
                -0.8997769230000001,
                -0.9846580550000001,
                -1.235153125,
                -1.6451991950000002
            ]
        },
        "-0.04": {
            "1": [
                0.4426851910000001,
                0.524694405,
                0.580856357,
                0.4564065770000001,
                0.061358301000000004,
                -0.19966713500000002,
                -0.7954305690000001,
                -0.9131792070000001,
                -1.1796293770000001,
                -1.4307626510000002
            ]
        },
        "-0.03": {
            "1": [
                0.5620293390000001,
                0.664461081,
                0.4347076410000001,
                0.057848179000000007,
                -0.21019750100000004,
                -0.6706616870000001,
                -1.000932257,
                -1.176438357,
                -1.2284519830000002,
                -1.295463403
            ]
        },
        "-0.02": {
            "1": [
                0.15517428900000002,
                -0.11765792100000001,
                -0.7912822430000002,
                -0.9109454930000002,
                -1.1687799090000002,
                -1.1758001530000002,
                -1.2874858530000002,
                -1.0653908610000002,
                -0.7000190710000002,
                -0.5034522390000001
            ]
        },
        "-0.01": {
            "1": [
                -1.2488745110000001,
                -1.0322042530000002,
                -1.0503930670000001,
                -0.8716959470000001,
                -0.449843103,
                -0.250723455,
                0.26366896900000003,
                0.578303541,
                0.792740085,
                0.7496613150000001
            ]
        },
        "0.0": {
            "1": [
                0.8118862050000001,
                0.49916624500000006,
                0.225057627,
                -0.379959765,
                -0.5143017070000001,
                -0.6993808670000001,
                -1.1132561610000002,
                -0.9837007490000002,
                -0.8375520330000001,
                -0.5956727170000001
            ]
        },
        "0.01": {
            "1": [
                0.8571986890000001,
                0.501080857,
                0.28568700700000005,
                -0.40102049700000003,
                -0.5292995010000001,
                -0.6853403790000001,
                -0.8949903930000002,
                -0.9760423010000001,
                -0.8302126870000002,
                -0.46292628500000005
            ]
        },
        "0.02": {
            "1": [
                1.255757087,
                1.0317474830000002,
                0.6737150390000001,
                0.36578160900000006,
                -0.20636827700000002,
                -0.376768745,
                -0.525470277,
                -0.8822263130000001,
                -0.8522307250000001,
                -0.6524728730000001
            ]
        },
        "0.03": {
            "1": [
                1.405096823,
                1.148538815,
                1.1539635490000002,
                1.032385687,
                0.6319126770000001,
                0.3377006330000001,
                -0.081918497,
                -0.40804074100000004,
                -0.6834257670000001,
                -0.6263065090000001
            ]
        },
        "0.04": {
            "1": [
                1.026003647,
                0.663503775,
                0.37280185300000007,
                0.037106549,
                -0.339752913,
                -0.6939561330000001,
                -0.430377881,
                -0.6199244690000001,
                -0.401339599,
                0.045084099
            ]
        },
        "0.05": {
            "1": [
                1.0231317290000002,
                1.261820025,
                1.5506073350000003,
                1.5723062710000002,
                1.282561655,
                1.059828459,
                0.817630041,
                0.45098184300000005,
                0.04859422100000001,
                -0.22551439700000003
            ]
        },
        "0.06": {
            "1": [
                -0.5471692130000001,
                -0.402616007,
                -0.25965831100000003,
                -0.045540869000000005,
                0.25281950100000006,
                0.545755137,
                1.0020709970000001,
                1.333937077,
                1.6023018590000002,
                1.4252002490000002
            ]
        },
        "0.07": {
            "1": [
                -0.404211517,
                -0.11989163500000002,
                0.18357436700000002,
                0.4334312330000001,
                0.9050639890000001,
                1.135455633,
                1.415627189,
                1.7838708970000001,
                1.6204906730000002,
                1.521888155
            ]
        },
        "0.08": {
            "1": [
                1.1083319630000001,
                0.649463287,
                0.32557475700000005,
                0.06486842300000001,
                -0.352836095,
                -0.20190084900000002,
                -0.11797702300000001,
                0.06327291300000001,
                0.36322879300000005,
                0.647548675
            ]
        },