{
    "Current": {
        "-0.005": {
            "1": [
                -0.00019058426104417672,
                -0.00020211806827309236,
                -0.00019314732931726908,
                -0.00019699193172690763,
                -0.00019442886345381525,
                -0.0001982734658634538,
                -0.00018930272690763052,
                -0.00020211806827309236,
                -0.00019442886345381525,
                -0.0002085257389558233
            ],
            "2": [
                -0.00019442886345381525,
                -0.00018417659036144577,
                -0.00018417659036144577,
                -0.00018930272690763052,
                -0.00019186579518072288,
                -0.00019186579518072288,
                -0.00019186579518072288,
                -0.00019314732931726908,
                -0.00020339960240963855,
                -0.00019699193172690763
            ]
        },
        "-0.004": {
            "1": [
                -0.0001559828393574297,
                -0.0001559828393574297,
                -0.0001585459076305221,
                -0.0001585459076305221,
                -0.00015982744176706827,
                -0.00016239051004016063,
                -0.0001585459076305221,
                -0.00014573056626506024,
                -0.0001559828393574297,
                -0.00016239051004016063
            ],
            "2": [
                -0.0001495751686746988,
                -0.0001559828393574297,
                -0.00015085670281124499,
                -0.0001482936345381526,
                -0.0001482936345381526,
                -0.0001406044297188755,
                -0.00016495357831325302,
                -0.00016239051004016063,
                -0.00015470130522088354,
                -0.0001572643734939759
            ]
        },
        "-0.003": {
            "1": [
                -0.00011112914457831326,
                -0.00011112914457831326,
                -0.0001239444859437751,
                -0.00012009988353413654,
                -0.00011625528112449798,
                -0.00011369221285140562,
                -0.00012138141767068273,
                -0.00011753681526104417,
                -0.00011881834939759037,
                -0.000130352156626506
            ],
            "2": [
                -0.00011753681526104417,
                -0.00011369221285140562,
                -0.00011369221285140562,
                -0.00012138141767068273,
                -0.00011625528112449798,
                -0.00011881834939759037,
                -0.00011753681526104417,
                -0.00011369221285140562,
                -0.0001252260200803213,
                -0.00011753681526104417
            ]
        },
        "-0.002": {
            "1": [
                -8.1653859437751e-05,
                -8.037232530120482e-05,
                -8.806153012048193e-05,
                -8.934306425702811e-05,
                -6.499391566265061e-05,
                -8.549846184738956e-05,
                -7.396465461847389e-05,
                -8.037232530120482e-05,
                -7.140158634538153e-05,
                -6.243084738955823e-05
            ],
            "2": [
                -8.549846184738956e-05,
                -9.575073493975903e-05,
                -9.446920080321286e-05,
                -8.677999598393574e-05,
                -8.037232530120482e-05,
                -8.293539357429718e-05,
                -8.421692771084338e-05,
                -8.421692771084338e-05,
                -7.652772289156626e-05,
                -7.524618875502008e-05
            ]
        },
        "-0.001": {
            "1": [
                -4.3207835341365464e-05,
                -2.5266357429718877e-05,
                -3.680016465863453e-05,
                -2.5266357429718877e-05,
                -3.423709638554217e-05,
                -2.0140220883534133e-05,
                -3.423709638554217e-05,
                -2.142175502008032e-05,
                -2.2703289156626502e-05,
                -3.808169879518073e-05
            ],
            "2": [
                -3.423709638554217e-05,
                -3.423709638554217e-05,
                -2.9110959839357427e-05,
                -1.8858686746987952e-05,
                -3.1674028112449795e-05,
                -2.142175502008032e-05,
                -1.8858686746987952e-05,
                -2.5266357429718877e-05,
                -3.423709638554217e-05,
                -3.423709638554217e-05
            ]
        },
        "0.0": {
            "1": [
                -9.172088353413656e-07,
                -4.761811244979922e-06,
                1.8305803212851406e-05,
                1.3179666666666665e-05,
                8.053530120481928e-06,
                8.053530120481928e-06,
                -3.480277108433734e-06,
                6.771995983935744e-06,
                5.490461847389559e-06,
                1.189813253012048e-05
            ],
            "2": [
                1.8305803212851406e-05,
                8.053530120481928e-06,
                2.9273935742971907e-06,
                1.3179666666666665e-05,
                -9.172088353413656e-07,
                1.3179666666666665e-05,
                1.189813253012048e-05,
                8.053530120481928e-06,
                2.9273935742971907e-06,
                -7.3248795180722904e-06
            ]
        },
        "0.001": {
            "1": [
                3.881034939759036e-05,
                2.4713473895582327e-05,
                3.752881526104418e-05,
                3.752881526104418e-05,
                4.778108835341365e-05,
                4.649955421686747e-05,
                4.2654951807228914e-05,
                4.778108835341365e-05,
                4.39364859437751e-05,
                5.4188759036144576e-05
            ],
            "2": [
                5.162569076305221e-05,
                3.752881526104418e-05,
                4.649955421686747e-05,
                5.034415662650603e-05,
                5.034415662650603e-05,
                5.162569076305221e-05,
                4.906262248995984e-05,
                4.521802008032129e-05,
                4.2654951807228914e-05,
                4.2654951807228914e-05
            ]
        },
        "0.002": {
            "1": [
                8.366404417670683e-05,
                7.597483935742973e-05,
                8.110097590361445e-05,
                7.853790763052209e-05,
                8.366404417670683e-05,
                8.879018072289156e-05,
                7.084870281124498e-05,
                8.366404417670683e-05,
                7.469330522088353e-05,
                7.853790763052209e-05
            ],
            "2": [
                7.981944176706827e-05,
                7.981944176706827e-05,
                8.366404417670683e-05,
                7.981944176706827e-05,
                8.110097590361445e-05,
                8.879018072289156e-05,
                9.263478313253012e-05,
                7.469330522088353e-05,
                7.213023694779117e-05,
                7.853790763052209e-05
            ]
        },
        "0.003": {
            "1": [
                0.00011570239759036144,
                0.0001285177389558233,
                0.00011826546586345382,
                0.00012467313654618474,
                0.00012979927309236946,
                0.00011570239759036144,
                0.00011442086345381526,
                0.0001105762610441767,
                0.00011570239759036144,
                0.00011570239759036144
            ],