{
    "Current": {
        "-0.1": {
            "1": [
                -1.009867113
            ]
        },
        "-0.09": {
            "1": [
                -0.9141365130000001,
                -0.9115836970000001
            ]
        },
        "-0.08": {
            "1": [
                -0.8129811790000001,
                -0.8155339950000001
            ]
        },
        "-0.07": {
            "1": [
                -0.7121449470000001,
                -0.7111876410000001
            ]
        },
        "-0.06": {
            "1": [
                -0.6119469190000001,
                -0.6141806330000001
            ]
        },
        "-0.05": {
            "1": [
                -0.5152590130000001,
                -0.5107915850000001
            ]
        },
        "-0.04": {
            "1": [
                -0.41250816900000004,
                -0.412827271
            ]
        },
        "-0.03": {
            "1": [
                -0.313586549,
                -0.313905651
            ]
        },
        "-0.02": {
            "1": [
                -0.21243121500000003,
                -0.21594133700000004
            ]
        },
        "-0.01": {
            "1": [
                -0.11446690100000001,
                -0.11670061500000002
            ]
        },
        "0.0": {
            "1": [
                -0.011077853,
                -0.012354261,
                -0.013630669000000003
            ]
        },
        "0.01": {
            "1": [
                0.08656735900000001,
                0.08433364500000001
            ]
        },
        "0.02": {
            "1": [
                0.18134065300000002,
                0.18197885700000002
            ]
        },
        "0.03": {
            "1": [
                0.28217688500000004,
                0.28568700700000005
            ]
        },
        "0.04": {
            "1": [
                0.38524683100000007,
                0.3877996470000001
            ]
        },
        "0.05": {
            "1": [
                0.4828920430000001,
                0.4800201250000001
            ]
        },
        "0.06": {
            "1": [
                0.580856357,
                0.582132765
            ]
        },
        "0.07": {
            "1": [
                0.682968997,
                0.6816925890000001
            ]
        },
        "0.08": {
            "1": [
                0.7790186990000001,
                0.784124331
            ]
        },
        "0.09": {
            "1": [
                0.878897625,
                0.8798549310000001
            ]
        },
        "0.1": {
            "1": [
                0.9819675710000001
            ]
        }
    }
}