{
    "Current": {
        "-0.1": {
            "1": [
                -0.9702984650000002,
                -0.9712557710000002,
                -0.9658310370000002,
                -0.9725321790000001,
                -0.9683838530000002,
                -0.9728512810000002,
                -0.9709366690000001,
                -0.9680647510000001,
                -0.9750849950000001,
                -0.9671074450000001
            ]
        },
        "-0.09": {
            "1": [
                -0.8726532530000001,
                -0.8771206810000002,
                -0.8752060690000001,
                -0.8697813350000001,
                -0.8796734970000001,
                -0.8761633750000001,
                -0.8716959470000001,
                -0.8723341510000001,
                -0.8716959470000001,
                -0.8761633750000001
            ]
        },
        "-0.08": {
            "1": [
                -0.7785181630000001,
                -0.7820282850000001,
                -0.7826664890000001,
                -0.7778799590000001,
                -0.7788372650000002,
                -0.7801136730000001,
                -0.7756462450000001,
                -0.7775608570000001,
                -0.7762844490000002,
                -0.7756462450000001
            ]
        },
        "-0.07": {
            "1": [
                -0.6738527070000001,
                -0.6764055230000001,
                -0.6789583390000001,
                -0.6770437270000002,
                -0.6767246250000001,
                -0.6776819310000001,
                -0.6834257670000001,
                -0.679596543,
                -0.6786392370000001,
                -0.6837448690000001
            ]
        },
        "-0.06": {
            "1": [
                -0.581313127,
                -0.583865943,
                -0.5825895350000001,
                -0.5819513310000001,
                -0.5781221070000001,
                -0.580355821,
                -0.5806749230000001,
                -0.5774839030000001,
                -0.5841850450000001,
                -0.5835468410000001
            ]
        },
        "-0.05": {
            "1": [
                -0.485901629,
                -0.48813534300000005,
                -0.489411751,
                -0.48685893500000005,
                -0.48877354700000003,
                -0.484944323,
                -0.485263425,
                -0.483667915,
                -0.48239150700000005,
                -0.487178037
            ]
        },
        "-0.04": {
            "1": [
                -0.38857551900000004,
                -0.38410809100000004,
                -0.388894621,
                -0.388256417,
                -0.394000253,
                -0.38729911100000003,
                -0.38761821300000004,
                -0.394000253,
                -0.387937315,
                -0.39080923300000003
            ]
        },
        "-0.03": {
            "1": [
                -0.28582467500000003,
                -0.292206715,
                -0.289015695,
                -0.294121327,
                -0.290292103,
                -0.29156851100000003,
                -0.294759531,
                -0.288696593,
                -0.290292103,
                -0.28582467500000003
            ]
        },
        "-0.02": {
            "1": [
                -0.19615701300000002,
                -0.20030533900000003,
                -0.197752523,
                -0.19456150300000002,
                -0.19264689100000001,
                -0.197114319,
                -0.19519970700000003,
                -0.18754125900000002,
                -0.194880605,
                -0.19328509500000002
            ]
        },
        "-0.01": {
            "1": [
                -0.09819269900000001,
                -0.09563988300000001,
                -0.097873597,
                -0.09595898500000001,
                -0.09883090300000001,
                -0.09468257700000002,
                -0.09659718900000001,
                -0.09659718900000001,
                -0.097873597,
                -0.09851180100000001
            ]
        },
        "0.0": {
            "1": [
                -0.0021429970000000007,
                0.003919941000000001,
                -0.0024620990000000006,
                0.0013671250000000003,
                -0.00022838500000000022,
                0.002962635,
                0.004558145,
                0.004558145,
                0.005196349,
                0.002643533
            ]
        },
        "0.01": {
            "1": [
                0.10252245900000001,
                0.101565153,
                0.10060784700000001,
                0.09773592900000001,
                0.09965054100000001,
                0.098693235,
                0.09263029700000001,
                0.09518311300000001,
                0.10060784700000001,
                0.09741682700000001
            ]
        },
        "0.02": {
            "1": [
                0.19474293700000003,
                0.19442383500000002,
                0.19474293700000003,
                0.19633844700000003,
                0.195381141,
                0.19633844700000003,
                0.19570024300000002,
                0.192509223,
                0.193147427,
                0.19282832500000002
            ]
        },
        "0.03": {
            "1": [
                0.29526006700000007,
                0.2987701890000001,
                0.29270725100000006,
                0.2943027610000001,
                0.29972749500000007,
                0.29334545500000003,
                0.29526006700000007,
                0.28760161900000003,
                0.29526006700000007,
                0.29589827100000005
            ]
        },
        "0.04": {
            "1": [
                0.39099066700000007,
                0.38939515700000005,
                0.38875695300000007,
                0.39290527900000005,
                0.3935434830000001,
                0.3903524630000001,
                0.3925861770000001,
                0.38843785100000006,
                0.39194797300000006,
                0.38620413700000006
            ]
        },
        "0.05": {
            "1": [
                0.4879976750000001,
                0.4873594710000001,
                0.49214600100000006,
                0.4895931850000001,
                0.48991228700000006,
                0.48448755300000007,
                0.4883167770000001,
                0.4908695930000001,
                0.4828920430000001,
                0.4848066550000001
            ]
        },
        "0.06": {
            "1": [
                0.5834091730000001,
                0.5814945610000001,
                0.581175459,
                0.586281091,
                0.579899051,
                0.5834091730000001,
                0.5840473770000001,
                0.581175459,
                0.583090071,
                0.581813663
            ]
        },
        "0.07": {
            "1": [
                0.681054385,
                0.681054385,
                0.685521813,
                0.683926303,
                0.6842454050000001,
                0.6823307930000001,
                0.6852027110000001,
                0.682968997,
                0.680097079,
                0.6797779770000001
            ]
        },
        "0.08": {
            "1": [
                0.7799760050000001,
                0.7799760050000001,
                0.7790186990000001,
                0.7783804950000001,
                0.7771040870000001,
                0.7828479230000001,
                0.7780613930000001,
                0.7809333110000001,
                0.7745512710000001,
                0.7783804950000001
            ]
        },