{
    "Current": {
        "-0.1": {
            "1": [
                -1.009867113,
                -1.0111435210000002
            ]
        },
        "-0.09": {
            "1": [
                -0.9099881870000002,
                -0.9115836970000001
            ]
        },
        "-0.08": {
            "1": [
                -0.8133002810000001,
                -0.8120238730000001
            ]
        },
        "-0.07": {
            "1": [
                -0.7118258450000001,
                -0.7095921310000001
            ]
        },
        "-0.06": {
            "1": [
                -0.612266021,
                -0.6113087150000001
            ]
        },
        "-0.05": {
            "1": [
                -0.513025299,
                -0.5155781150000001
            ]
        },
        "-0.04": {
            "1": [
                -0.415060985,
                -0.413465475
            ]
        },
        "-0.03": {
            "1": [
                -0.308480917,
                -0.313586549
            ]
        },
        "-0.02": {
            "1": [
                -0.21498403100000002,
                -0.21466492900000003
            ]
        },
        "-0.01": {
            "1": [
                -0.11701971700000001,
                -0.11797702300000001
            ]
        },
        "0.0": {
            "1": [
                -0.008525037000000001,
                -0.015864383000000003
            ]
        },
        "0.01": {
            "1": [
                0.08114262500000001,
                0.082099931
            ]
        },
        "0.02": {
            "1": [
                0.18485077500000002,
                0.180064245
            ]
        },
        "0.03": {
            "1": [
                0.28090047700000004,
                0.28536790500000003
            ]
        },
        "0.04": {
            "1": [
                0.38397042300000006,
                0.38365132100000005
            ]
        },
        "0.05": {
            "1": [
                0.48193473700000006,
                0.4790628190000001
            ]
        },
        "0.06": {
            "1": [
                0.581813663,
                0.581813663
            ]
        },
        "0.07": {
            "1": [
                0.6797779770000001,
                0.682968997
            ]
        },
        "0.08": {
            "1": [
                0.7825288210000001,
                0.7828479230000001
            ]
        },
        "0.09": {
            "1": [
                0.8811313390000001,
                0.8798549310000001
            ]
        },
        "0.1": {
            "1": [
                0.982286673,
                0.980691163
            ]
        }
    }
}