{
    "Current": {
        "-0.1": {
            "1": [
                -1.0105053170000002,
                -1.013377235
            ]
        },
        "-0.09": {
            "1": [
                -0.9128601050000001,
                -0.9131792070000001
            ]
        },
        "-0.08": {
            "1": [
                -0.8136193830000001,
                -0.8117047710000002
            ]
        },
        "-0.07": {
            "1": [
                -0.7105494370000001,
                -0.7105494370000001
            ]
        },
        "-0.06": {
            "1": [
                -0.6125851230000001,
                -0.6103514090000001
            ]
        },
        "-0.05": {
            "1": [
                -0.5149399110000001,
                -0.5146208090000001
            ]
        },
        "-0.04": {
            "1": [
                -0.414103679,
                -0.41601829100000004
            ]
        },
        "-0.03": {
            "1": [
                -0.311991039,
                -0.311991039
            ]
        },
        "-0.02": {
            "1": [
                -0.21530313300000004,
                -0.21466492900000003
            ]
        },
        "-0.01": {
            "1": [
                -0.11701971700000001,
                -0.11542420700000001
            ]
        },
        "0.0": {
            "1": [
                -0.011716057,
                -0.014587975000000001
            ]
        },
        "0.01": {
            "1": [
                0.08465274700000001,
                0.08337633900000001
            ]
        },
        "0.02": {
            "1": [
                0.18325526500000003,
                0.18612718300000003
            ]
        },
        "0.03": {
            "1": [
                0.28441059900000004,
                0.28696341500000005
            ]
        },
        "0.04": {
            "1": [
                0.38365132100000005,
                0.38620413700000006
            ]
        },
        "0.05": {
            "1": [
                0.48448755300000007,
                0.4851257570000001
            ]
        },
        "0.06": {
            "1": [
                0.581813663,
                0.5814945610000001
            ]
        },
        "0.07": {
            "1": [
                0.682968997,
                0.684883609
            ]
        },
        "0.08": {
            "1": [
                0.7825288210000001,
                0.784124331
            ]
        },
        "0.09": {
            "1": [
                0.8801740330000001,
                0.8817695430000001
            ]
        },
        "0.1": {
            "1": [
                0.983243979,
                0.983243979
            ]
        }
    }
}