{
    "Current": {
        "-0.1": {
            "1": [
                -1.009867113,
                -1.012100827
            ]
        },
        "-0.09": {
            "1": [
                -0.9115836970000001,
                -0.9122219010000001
            ]
        },
        "-0.08": {
            "1": [
                -0.8129811790000001,
                -0.8152148930000002
            ]
        },
        "-0.07": {
            "1": [
                -0.7102303350000001,
                -0.7105494370000001
            ]
        },
        "-0.06": {
            "1": [
                -0.6132233270000002,
                -0.612266021
            ]
        },
        "-0.05": {
            "1": [
                -0.5149399110000001,
                -0.5123870950000001
            ]
        },
        "-0.04": {
            "1": [
                -0.414103679,
                -0.414103679
            ]
        },
        "-0.03": {
            "1": [
                -0.314543855,
                -0.312948345
            ]
        },
        "-0.02": {
            "1": [
                -0.213707623,
                -0.21466492900000003
            ]
        },
        "-0.01": {
            "1": [
                -0.11478600300000001,
                -0.11478600300000001
            ]
        },
        "0.0": {
            "1": [
                -0.014587975000000001,
                -0.015226179000000001
            ]
        },
        "0.01": {
            "1": [
                0.083057237,
                0.08082352300000001
            ]
        },
        "0.02": {
            "1": [
                0.18421257100000002,
                0.18357436700000002
            ]
        },
        "0.03": {
            "1": [
                0.2828150890000001,
                0.2863252110000001
            ]
        },
        "0.04": {
            "1": [
                0.38365132100000005,
                0.38492772900000005
            ]
        },
        "0.05": {
            "1": [
                0.4803392270000001,
                0.4806583290000001
            ]
        },
        "0.06": {
            "1": [
                0.580218153,
                0.579579949
            ]
        },
        "0.07": {
            "1": [
                0.683926303,
                0.683926303
            ]
        },
        "0.08": {
            "1": [
                0.7844434330000001,
                0.7825288210000001
            ]
        },
        "0.09": {
            "1": [
                0.8836841550000001,
                0.8798549310000001
            ]
        },
        "0.1": {
            "1": [
                0.985158591,
                0.983243979
            ]
        }
    }
}