{
    "Current": {
        "-0.1": {
            "1": [
                -1.2469598990000001,
                -1.364389435,
                -1.2801465070000002,
                -1.3142904210000002,
                -1.2274946770000001,
                -1.1225101190000002,
                -1.0449683330000001,
                -0.8761633750000001,
                -0.7679877970000001,
                -0.7395877190000001
            ]
        },
        "-0.09": {
            "1": [
                -0.8196823210000002,
                -0.8493588070000001,
                -1.0673054730000002,
                -1.1174044870000002,
                -1.1432517490000003,
                -1.2380250430000002,
                -1.2622767950000002,
                -1.1330404850000002,
                -1.0673054730000002,
                -0.9584916910000001
            ]
        },
        "-0.08": {
            "1": [
                -0.7182078850000001,
                -0.7692642050000001,
                -0.9584916910000001,
                -1.042096415,
                -1.064752657,
                -1.135912403,
                -1.1525057070000002,
                -1.0730493090000002,
                -0.9604063030000002,
                -0.8879701490000002
            ]
        },
        "-0.07": {
            "1": [
                -0.9591298950000001,
                -0.8790352930000002,
                -0.7909631410000001,
                -0.7086348250000001,
                -0.5557849670000001,
                -0.45462963300000003,
                -0.346773157,
                -0.42622955500000004,
                -0.41155086300000004,
                -0.47888138500000005
            ]
        },
        "-0.06": {
            "1": [
                -0.43101608500000005,
                -0.327946139,
                -0.31901128300000003,
                -0.306885407,
                -0.314543855,
                -0.393362049,
                -0.477285875,
                -0.5739737810000001,
                -0.7772417550000001,
                -0.8212778310000001
            ]
        },
        "-0.05": {
            "1": [
                -0.21817505100000004,
                -0.21019750100000004,
                -0.280080839,
                -0.394957559,
                -0.480476895,
                -0.6604504230000001,
                -0.7437360450000001,
                -0.7810709790000001,
                -0.8133002810000001,
                -0.8420194610000001
            ]
        },
        "-0.04": {
            "1": [
                -0.19168958500000002,
                -0.23764027300000004,
                -0.35219789100000004,
                -0.45111951100000003,
                -0.5503602330000001,
                -0.6502391590000001,
                -0.7612866550000001,
                -0.6917224190000001,
                -0.7105494370000001,
                -0.6326885490000002
            ]
        },
        "-0.03": {
            "1": [
                -0.22742900900000002,
                -0.281676349,
                -0.472499345,
                -0.5730164750000001,
                -0.5896097790000001,
                -0.6489627510000001,
                -0.6652369530000001,
                -0.568868149,
                -0.459735265,
                -0.377406949
            ]
        },
        "-0.02": {
            "1": [
                -0.35315519700000003,
                -0.450800409,
                -0.5605714970000001,
                -0.5028140350000001,
                -0.49100726100000003,
                -0.42750596300000004,
                -0.29731234700000003,
                -0.23987398700000004,
                -0.06692070300000001,
                0.046679609000000004
            ]
        },
        "-0.01": {
            "1": [
                -0.325074221,
                -0.336561893,
                -0.438036329,
                -0.42750596300000004,
                -0.352836095,
                -0.292844919,
                -0.17126705700000003,
                -0.07840837500000002,
                0.054338057,
                0.14847314700000003
            ]
        },
        "0.0": {
            "1": [
                0.19282832500000002,
                0.10092694900000002,
                0.016364919000000002,
                -0.18786036100000003,
                -0.23700206900000004,
                -0.284229165,
                -0.34071021900000004,
                -0.338795607,
                -0.255509985,
                -0.17445807700000002
            ]
        },
        "0.01": {
            "1": [
                -0.189774973,
                -0.23540655900000002,
                -0.279123533,
                -0.17509628100000002,
                -0.06436788700000001,
                0.036468345000000006,
                0.230801463,
                0.254415011,
                0.31855451300000004,
                0.43311213100000007
            ]
        },
        "0.02": {
            "1": [
                0.42736829500000006,
                0.5211842830000001,
                0.4742762890000001,
                0.505867387,
                0.41268960300000007,
                0.27515664100000004,
                0.21803738300000003,
                0.017960429,
                -0.038520625,
                -0.08383310900000002
            ]
        },
        "0.03": {
            "1": [
                0.5266090170000001,
                0.560433829,
                0.593620437,
                0.650420593,
                0.557242809,
                0.4241772750000001,
                0.3377006330000001,
                0.12390229300000001,
                0.09741682700000001,
                0.029448101000000004
            ]
        },
        "0.04": {
            "1": [
                0.742321969,
                0.703391525,
                0.6268070450000001,
                0.553413585,
                0.46502233100000007,
                0.34599728500000004,
                0.24133182900000003,
                0.12326408900000001,
                0.035191937000000006,
                0.11560564100000001
            ]
        },
        "0.05": {
            "1": [
                0.7037106270000001,
                0.668928509,
                0.571921501,
                0.47874371700000007,
                0.30866235100000006,
                0.196019345,
                0.12613600700000002,
                0.18197885700000002,
                0.16219453300000003,
                0.2601588470000001
            ]
        },
        "0.06": {
            "1": [
                0.27866676300000004,
                0.3412107550000001,
                0.39418168700000006,
                0.514802243,
                0.603193497,
                0.735301725,
                0.8457110170000001,
                0.922295497,
                0.874430197,
                0.9120842330000001
            ]
        },
        "0.07": {
            "1": [
                0.6054272110000001,
                0.520865181,
                0.4382177630000001,
                0.32078822700000004,
                0.39290527900000005,
                0.43183572300000006,
                0.5017190610000001,
                0.607022721,
                0.6871173230000001,
                0.8482638330000001
            ]
        },
        "0.08": {
            "1": [
                0.4720425750000001,
                0.517355059,
                0.4573638830000001,
                0.537777587,
                0.659674551,
                0.752852335,
                0.943356229,
                0.9759046330000001,
                1.017387893,
                1.1169477170000002
            ]
        },