{
    "Current": {
        "-0.1": {
            "1": [
                -1.011781725,
                -1.0089098070000002
            ]
        },
        "-0.09": {
            "1": [
                -0.9103072890000001,
                -0.9125410030000002
            ]
        },
        "-0.08": {
            "1": [
                -0.8126620770000001,
                -0.8133002810000001
            ]
        },
        "-0.07": {
            "1": [
                -0.7131022530000001,
                -0.7105494370000001
            ]
        },
        "-0.06": {
            "1": [
                -0.6125851230000001,
                -0.6119469190000001
            ]
        },
        "-0.05": {
            "1": [
                -0.512067993,
                -0.513982605
            ]
        },
        "-0.04": {
            "1": [
                -0.414422781,
                -0.41825200500000004
            ]
        },
        "-0.03": {
            "1": [
                -0.314224753,
                -0.311352835
            ]
        },
        "-0.02": {
            "1": [
                -0.21434582700000002,
                -0.21179301100000003
            ]
        },
        "-0.01": {
            "1": [
                -0.11606241100000002,
                -0.11574330900000002
            ]
        },
        "0.0": {
            "1": [
                -0.011716057,
                -0.012673363000000002
            ]
        },
        "0.01": {
            "1": [
                0.08401454300000001,
                0.083057237
            ]
        },
        "0.02": {
            "1": [
                0.18612718300000003,
                0.181659755
            ]
        },
        "0.03": {
            "1": [
                0.28823982300000006,
                0.28568700700000005
            ]
        },
        "0.04": {
            "1": [
                0.3846086270000001,
                0.38588503500000004
            ]
        },
        "0.05": {
            "1": [
                0.4812965330000001,
                0.4848066550000001
            ]
        },
        "0.06": {
            "1": [
                0.5814945610000001,
                0.582132765
            ]
        },
        "0.07": {
            "1": [
                0.685521813,
                0.684883609
            ]
        },
        "0.08": {
            "1": [
                0.782209719,
                0.7844434330000001
            ]
        },
        "0.09": {
            "1": [
                0.8808122370000001,
                0.8798549310000001
            ]
        },
        "0.1": {
            "1": [
                0.9838821830000001,
                0.9816484690000001
            ]
        }
    }
}