{
    "Current": {
        "-1.0": {
            "1": [
                -8.160623831,
                -8.169877789000001,
                -8.183280073,
                -8.201787989000001,
                -8.184556481000001,
                -8.188066603000001,
                -8.216147579000001,
                -8.205298111000001,
                -8.199554275,
                -8.188385705
            ]
        },
        "-0.9": {
            "1": [
                -8.852436967000001,
                -8.849245947,
                -8.852756069,
                -8.848926845000001,
                -8.854032477,
                -8.854032477,
                -8.855308885000001,
                -8.853713375,
                -8.854032477,
                -8.853394273000001
            ]
        },
        "-0.8": {
            "1": [
                -7.871198317,
                -7.866730889,
                -7.868964603,
                -7.870560113000001,
                -7.8718365210000005,
                -7.871517419000001,
                -7.870560113000001,
                -7.873751133000001,
                -7.872793827000001,
                -7.872155623
            ]
        },
        "-0.7": {
            "1": [
                -6.8896405650000005,
                -6.887725953,
                -6.886768647,
                -6.8864495450000005,
                -6.8886832590000004,
                -6.882939423000001,
                -6.885492239,
                -6.887725953,
                -6.8886832590000004,
                -6.882620321
            ]
        },
        "-0.6": {
            "1": [
                -5.903934487,
                -5.902338977,
                -5.904891793,
                -5.902019875000001,
                -5.9042535890000005,
                -5.902658079,
                -5.904891793,
                -5.902338977,
                -5.901700773,
                -5.902338977
            ]
        },
        "-0.5": {
            "1": [
                -4.9220576330000005,
                -4.9188666130000005,
                -4.920462123,
                -4.916952001,
                -4.919504817,
                -4.917590205,
                -4.920462123,
                -4.919823919,
                -4.917271103,
                -4.9156755930000005
            ]
        },
        "-0.4": {
            "1": [
                -3.9347560450000003,
                -3.9357133510000004,
                -3.9347560450000003,
                -3.9322032290000006,
                -3.9347560450000003,
                -3.9325223310000004,
                -3.9334796370000005,
                -3.9363515550000003,
                -3.9369897590000003,
                -3.9382661670000005
            ]
        },
        "-0.3": {
            "1": [
                -2.9503263750000004,
                -2.9525600890000003,
                -2.9516027830000002,
                -2.9519218850000004,
                -2.9525600890000003,
                -2.952240987,
                -2.9490499670000005,
                -2.9493690690000003,
                -2.9474544570000005,
                -2.9509645790000003
            ]
        },
        "-0.2": {
            "1": [
                -1.9646202970000002,
                -1.9678113170000002,
                -1.9687686230000003,
                -1.9655776030000003,
                -1.9658967050000002,
                -1.9662158070000002,
                -1.9668540110000003,
                -1.9687686230000003,
                -1.9658967050000002,
                -1.9662158070000002
            ]
        },
        "-0.1": {
            "1": [
                -0.9830625450000001,
                -0.9862535650000002,
                -0.9837007490000002,
                -0.9843389530000002,
                -0.9830625450000001,
                -0.9846580550000001,
                -0.9801906270000001,
                -0.9821052390000001,
                -0.9840198510000001,
                -0.9824243410000001
            ]
        },
        "0.0": {
            "1": [
                0.0007289210000000004,
                -0.0011856910000000009,
                0.003600839,
                0.002962635,
                9.071699999999971e-05,
                0.002005329,
                0.002324431,
                0.0016862270000000002,
                0.002005329,
                0.002005329
            ]
        },
        "0.1": {
            "1": [
                0.9826057750000001,
                0.9848394890000001,
                0.9845203870000001,
                0.985158591,
                0.9848394890000001,
                0.9819675710000001,
                0.9864349990000001,
                0.9861158970000001,
                0.9848394890000001,
                0.980691163
            ]
        },
        "0.2": {
            "1": [
                1.9721410770000003,
                1.9683118530000001,
                1.9692691590000002,
                1.9730983830000002,
                1.9711837710000002,
                1.9695882610000002,
                1.9708646690000002,
                1.9708646690000002,
                1.9721410770000003,
                1.9673545470000002
            ]
        },
        "0.3": {
            "1": [
                2.9505078090000003,
                2.9524224210000005,
                2.9536988290000004,
                2.9530606250000004,
                2.9575280530000003,
                2.9536988290000004,
                2.9552943390000004,
                2.9530606250000004,
                2.9546561350000005,
                2.9527415230000003
            ]
        },
        "0.4": {
            "1": [
                3.9371711930000006,
                3.9371711930000006,
                3.9384476010000005,
                3.9384476010000005,
                3.9349374790000002,
                3.9384476010000005,
                3.9384476010000005,
                3.9397240090000003,
                3.9384476010000005,
                3.9368520910000004
            ]
        },
        "0.5": {
            "1": [
                4.922558169000001,
                4.921281761000001,
                4.919048047000001,
                4.918728945000001,
                4.923515475000001,
                4.922558169000001,
                4.922558169000001,
                4.917452537000001,
                4.919367149000001,
                4.919367149000001
            ]
        },
        "0.6": {
            "1": [
                5.907626043000001,
                5.904115921000001,
                5.906668737000001,
                5.905392329000001,
                5.908264247000001,
                5.906668737000001,
                5.905392329000001,
                5.904115921000001,
                5.904115921000001,
                5.905073227000001
            ]
        },
        "0.7": {
            "1": [
                6.8907793050000015,
                6.888226489000001,
                6.886630979000001,
                6.885035469000001,
                6.888226489000001,
                6.884397265000001,
                6.887907387000001,
                6.887269183000001,
                6.886630979000001,
                6.889821999000001
            ]
        },
        "0.8": {
            "1": [
                7.869784241000001,
                7.8729752610000014,
                7.872337057000001,
                7.872017955000001,
                7.874889873000002,
                7.876804485000001,
                7.873613465000001,
                7.871698853000002,
                7.871060649000001,
                7.870422445000001
            ]
        },