{
    "Current": {
        "-0.1": {
            "1": [
                -1.0076333990000002
            ]
        },
        "-0.09": {
            "1": [
                -0.9103072890000001,
                -0.9122219010000001
            ]
        },
        "-0.08": {
            "1": [
                -0.8133002810000001,
                -0.8107474650000002
            ]
        },
        "-0.07": {
            "1": [
                -0.7102303350000001,
                -0.7092730290000001
            ]
        },
        "-0.06": {
            "1": [
                -0.6116278170000001,
                -0.6109896130000001
            ]
        },
        "-0.05": {
            "1": [
                -0.5136635030000001,
                -0.5146208090000001
            ]
        },
        "-0.04": {
            "1": [
                -0.415699189,
                -0.41474188300000003
            ]
        },
        "-0.03": {
            "1": [
                -0.31550116100000003,
                -0.312629243
            ]
        },
        "-0.02": {
            "1": [
                -0.213707623,
                -0.21466492900000003
            ]
        },
        "-0.01": {
            "1": [
                -0.11574330900000002,
                -0.11510510500000001
            ]
        },
        "0.0": {
            "1": [
                -0.012673363000000002,
                -0.012673363000000002,
                -0.015226179000000001
            ]
        },
        "0.01": {
            "1": [
                0.08337633900000001,
                0.08369544100000001
            ]
        },
        "0.02": {
            "1": [
                0.18070244900000001,
                0.18421257100000002
            ]
        },
        "0.03": {
            "1": [
                0.2850488030000001,
                0.28345329300000005
            ]
        },
        "0.04": {
            "1": [
                0.3820558110000001,
                0.38173670900000006
            ]
        },
        "0.05": {
            "1": [
                0.4803392270000001,
                0.48448755300000007
            ]
        },
        "0.06": {
            "1": [
                0.581175459,
                0.5789417450000001
            ]
        },
        "0.07": {
            "1": [
                0.685840915,
                0.6797779770000001
            ]
        },
        "0.08": {
            "1": [
                0.7860389430000001,
                0.7828479230000001
            ]
        },
        "0.09": {
            "1": [
                0.8827268490000001,
                0.8820886450000001
            ]
        },
        "0.1": {
            "1": [
                0.9861158970000001,
                0.9803720610000001
            ]
        }
    }
}