{
    "Current": {},
    "-0.1": {
        "1": [
            -0.00122734537751004,
            -0.0015080013534136546,
            -0.001939878357429719,
            -0.002384570702811245,
            -0.0027216141807228913,
            -0.0032239755622489956,
            -0.003080443738955823,
            -0.0031458019799196785,
            -0.002945882654618474,
            -0.00254732553815261
        ],
        "2": [
            -0.00122734537751004,
            -0.0015080013534136546,
            -0.001939878357429719,
            -0.002384570702811245,
            -0.0027216141807228913,
            -0.0032239755622489956,
            -0.003080443738955823,
            -0.0031458019799196785,
            -0.002945882654618474,
            -0.00254732553815261
        ],
        "3": [
            -0.00122734537751004,
            -0.0015080013534136546,
            -0.001939878357429719,
            -0.002384570702811245,
            -0.0027216141807228913,
            -0.0032239755622489956,
            -0.003080443738955823,
            -0.0031458019799196785,
            -0.002945882654618474,
            -0.00254732553815261
        ]
    },
    "0.0": {
        "1": [
            -0.00122734537751004,
            -0.0015080013534136546,
            -0.001939878357429719,
            -0.002384570702811245,
            -0.0027216141807228913,
            -0.0032239755622489956,
            -0.003080443738955823,
            -0.0031458019799196785,
            -0.002945882654618474,
            -0.00254732553815261
        ],
        "2": [
            -0.00122734537751004,
            -0.0015080013534136546,
            -0.001939878357429719,
            -0.002384570702811245,
            -0.0027216141807228913,
            -0.0032239755622489956,
            -0.003080443738955823,
            -0.0031458019799196785,
            -0.002945882654618474,
            -0.00254732553815261
        ],
        "3": [
            -0.00122734537751004,
            -0.0015080013534136546,
            -0.001939878357429719,
            -0.002384570702811245,
            -0.0027216141807228913,
            -0.0032239755622489956,
            -0.003080443738955823,
            -0.0031458019799196785,
            -0.002945882654618474,
            -0.00254732553815261
        ]
    }
}