{
    "Current": {
        "-0.1": {
            "1": [
                -0.20924019500000002,
                -0.5561040690000001,
                -0.8008553030000001,
                -1.4562908110000001,
                -1.5740394490000003,
                -1.6924262910000003,
                -2.037694655,
                -2.063222815,
                -1.7722017910000003,
                -1.5523405130000003
            ]
        },
        "-0.09": {
            "1": [
                0.002324431,
                0.109861805,
                -0.168076037,
                -0.5350433370000001,
                -0.7095921310000001,
                -1.3245016850000002,
                -1.5737203470000003,
                -1.6991274330000001,
                -1.8510199850000002,
                -1.9990833130000003
            ]
        },
        "-0.08": {
            "1": [
                -0.17062885300000002,
                -0.49228366900000003,
                -0.6965089490000002,
                -1.2029238230000001,
                -1.5335134950000002,
                -1.8021973790000003,
                -1.6541340510000002,
                -1.8810155730000002,
                -1.6933835970000002,
                -1.2412160630000002
            ]
        },
        "-0.07": {
            "1": [
                0.141133801,
                0.3160016970000001,
                0.12198768100000001,
                -0.259020107,
                -0.5037713410000001,
                -1.1474000750000002,
                -1.3146095230000001,
                -1.4853290930000003,
                -1.6831723330000001,
                -1.7865613810000003
            ]
        },
        "-0.06": {
            "1": [
                -1.4652256670000001,
                -1.0500739650000002,
                -0.8190441170000001,
                -0.186903055,
                -0.043945359,
                0.12996523100000001,
                0.39322438100000007,
                0.40886037900000005,
                0.151025963,
                -0.059262255000000014
            ]
        },
        "-0.05": {
            "1": [
                -1.3513062530000002,
                -1.086132491,
                -0.8589318670000001,
                -0.23923578300000004,
                -0.09723539300000002,
                0.22122840300000002,
                0.591705825,
                0.49118869500000006,
                0.2726038250000001,
                0.046998711000000006
            ]
        },
        "-0.04": {
            "1": [
                -0.8675476210000002,
                -0.6253492030000001,
                0.0007289210000000004,
                0.08624825700000001,
                0.28951623100000007,
                0.668609407,
                0.568411379,
                0.38397042300000006,
                0.09422580700000001,
                -0.16552322100000003
            ]
        },
        "-0.03": {
            "1": [
                -1.052626781,
                -1.3592838030000003,
                -1.3372657650000002,
                -1.1142134670000001,
                -0.8452104810000001,
                -0.6444953230000001,
                -0.16679962900000003,
                0.079866217,
                0.3922670750000001,
                0.780295107
            ]
        },
        "-0.02": {
            "1": [
                0.744874785,
                0.644676757,
                0.8319896310000001,
                0.6622273670000001,
                0.26973190700000005,
                0.044445895000000006,
                -0.6591740150000001,
                -0.7635203690000001,
                -0.9559388750000002,
                -1.2785509970000002
            ]
        },
        "-0.01": {
            "1": [
                -0.427825065,
                0.246756563,
                0.38077940300000007,
                0.6073418230000001,
                0.9449517390000001,
                0.877940319,
                0.616595781,
                0.4519391490000001,
                0.131560741,
                -0.11606241100000002
            ]
        },
        "0.0": {
            "1": [
                1.0534464190000001,
                0.798164819,
                0.9937743450000001,
                0.8852796650000001,
                0.39386258500000004,
                0.160599023,
                -0.464202693,
                -0.6141806330000001,
                -0.7916013450000001,
                -0.9537051610000001
            ]
        },
        "0.01": {
            "1": [
                0.538415791,
                0.804227757,
                1.087909435,
                0.9101696210000001,
                1.075783559,
                0.9191044770000001,
                0.553413585,
                0.34727369300000005,
                -0.370705807,
                -0.5056859530000001
            ]
        },
        "0.02": {
            "1": [
                1.2267188050000002,
                1.029513769,
                0.6861600170000001,
                0.4391750690000001,
                -0.10872306500000001,
                -0.306566305,
                -0.528980399,
                -0.9272196950000001,
                -0.7973451810000001,
                -0.5407871730000001
            ]
        },
        "0.03": {
            "1": [
                -0.370067603,
                -0.5548276610000001,
                -0.7051247030000001,
                -0.8117047710000002,
                -0.5203646450000001,
                -0.184031137,
                0.024023367000000004,
                0.7126454830000001,
                0.7905063710000001,
                1.0301519730000002
            ]
        },
        "0.04": {
            "1": [
                1.280647043,
                1.484553221,
                1.259586311,
                0.854964975,
                0.601597987,
                -0.016502587,
                -0.09340616900000001,
                -0.359218135,
                -0.6878931950000001,
                -0.6058839810000001
            ]
        },
        "0.05": {
            "1": [
                1.3068134070000001,
                1.1546017530000001,
                0.835499753,
                0.6347845950000001,
                -0.036286911000000005,
                -0.22008966300000002,
                -0.45239591900000004,
                -0.409955353,
                -0.5800367190000001,
                -0.310714631
            ]
        },
        "0.06": {
            "1": [
                -0.5047286470000001,
                -0.202858155,
                0.034872835000000005,
                0.3124915750000001,
                0.954843901,
                1.062700377,
                1.309685325,
                1.7085628250000002,
                1.6236816930000002,
                1.360422543
            ]
        },
        "0.07": {
            "1": [
                -0.14733440700000003,
                0.2690937030000001,
                0.4816156350000001,
                1.110565677,
                1.225761499,
                1.4022249050000002,
                1.741749433,
                1.7340909850000001,
                1.4523239190000001,
                1.250970557
            ]
        },
        "0.08": {
            "1": [
                0.34280626500000005,
                0.058486383,
                -0.352516993,
                -0.18275472900000003,
                0.038702059000000004,
                0.139538291,
                0.4401323750000001,
                0.7190275230000001,
                1.2200176630000001,
                1.495083587
            ]
        },