{
    "I-V data": [
        {
            "Pair number: 1": {
                "1": {
                    "output": [
                        0.0,
                        0.01,
                        0.02,
                        0.03,
                        0.04,
                        0.05,
                        0.06,
                        0.07,
                        0.08,
                        0.09,
                        0.1,
                        0.1,
                        0.09,
                        0.08,
                        0.07,
                        0.06,
                        0.05,
                        0.04,
                        0.03,
                        0.02,
                        0.01,
                        0.0,
                        -0.01,
                        -0.02,
                        -0.03,
                        -0.04,
                        -0.05,
                        -0.06,
                        -0.07,
                        -0.08,
                        -0.09,
                        -0.1,
                        -0.1,
                        -0.09,
                        -0.08,
                        -0.07,
                        -0.06,
                        -0.05,
                        -0.04,
                        -0.03,
                        -0.02,
                        -0.01
                    ],
                    "input": [
                        -3.59856339e-10,
                        3.9340263e-11,
                        2.2186660700000004e-10,
                        5.033145710000001e-10,
                        6.756296510000001e-10,
                        7.362590310000001e-10,
                        2.4611835900000007e-10,
                        7.704029450000001e-10,
                        7.531714370000002e-10,
                        9.318685570000002e-10,
                        1.0410014410000002e-09,
                        8.744301970000001e-10,
                        1.1753433830000002e-09,
                        8.690054630000001e-10,
                        7.365781330000001e-10,
                        5.27566323e-10,
                        -5.9722210000000016e-12,
                        4.3055931500000006e-10,
                        3.0724509000000003e-11,
                        2.824959870000001e-10,
                        5.48307953e-10,
                        -1.2850738900000004e-10,
                        -4.93560077e-10,
                        -4.195284130000001e-10,
                        -2.1275031700000004e-10,
                        -4.5335322500000004e-10,
                        -4.2399584100000006e-10,
                        -2.76889819e-10,
                        -6.505582610000001e-10,
                        -7.239517210000002e-10,
                        -1.0038041750000003e-09,
                        -1.0976201630000003e-09,
                        -9.029679430000002e-10,
                        -1.2287710850000003e-09,
                        -8.535071330000002e-10,
                        -2.0381546100000004e-10,
                        -6.783201350000002e-10,
                        -1.4222877500000003e-10,
                        -4.054879250000001e-10,
                        -3.60494543e-10,
                        2.1580366900000004e-10,
                        -5.315332150000001e-10
                    ]
                }
            }
        },
        {
            "Pair number: 1": {
                "2": {
                    "output": [
                        0.0,
                        0.01,
                        0.02,
                        0.03,
                        0.04,
                        0.05,
                        0.06,
                        0.07,
                        0.08,
                        0.09,
                        0.1,
                        0.1,
                        0.09,
                        0.08,
                        0.07,
                        0.06,
                        0.05,
                        0.04,
                        0.03,
                        0.02,
                        0.01,
                        0.0,
                        -0.01,
                        -0.02,
                        -0.03,
                        -0.04,
                        -0.05,
                        -0.06,
                        -0.07,
                        -0.08,
                        -0.09,
                        -0.1,
                        -0.1,
                        -0.09,
                        -0.08,
                        -0.07,
                        -0.06,
                        -0.05,
                        -0.04,
                        -0.03,
                        -0.02,
                        -0.01
                    ],