{
    "Current": {
        "-0.1": {
            "1": [
                -0.9856153610000001,
                -0.9833816470000002,
                -0.9862535650000002,
                -0.9849771570000001,
                -0.9833816470000002,
                -0.9830625450000001,
                -0.9837007490000002,
                -0.9843389530000002,
                -0.9817861370000002,
                -0.9843389530000002
            ]
        },
        "-0.09": {
            "1": [
                -0.8863746390000001,
                -0.8870128430000002,
                -0.8863746390000001,
                -0.8863746390000001,
                -0.8886083530000002,
                -0.8863746390000001,
                -0.8854173330000001,
                -0.8892465570000001,
                -0.8898847610000001,
                -0.8892465570000001
            ]
        },
        "-0.08": {
            "1": [
                -0.7906440390000001,
                -0.7890485290000001,
                -0.7906440390000001,
                -0.7931968550000001,
                -0.7893676310000001,
                -0.7900058350000001,
                -0.7922395490000002,
                -0.7912822430000002,
                -0.7893676310000001,
                -0.7893676310000001
            ]
        },
        "-0.07": {
            "1": [
                -0.6894887050000001,
                -0.6910842150000001,
                -0.6904460110000001,
                -0.6901269090000001,
                -0.6894887050000001,
                -0.6914033170000001,
                -0.6910842150000001,
                -0.6872549910000001,
                -0.6904460110000001,
                -0.6882122970000001
            ]
        },
        "-0.06": {
            "1": [
                -0.5950345130000001,
                -0.5915243910000001,
                -0.5940772070000001,
                -0.5921625950000001,
                -0.589290677,
                -0.5899288810000001,
                -0.589290677,
                -0.5905670850000001,
                -0.5899288810000001,
                -0.5924816970000001
            ]
        },
        "-0.05": {
            "1": [
                -0.497708403,
                -0.4954746890000001,
                -0.49387917900000006,
                -0.494517383,
                -0.49100726100000003,
                -0.493240975,
                -0.49292187300000007,
                -0.4954746890000001,
                -0.493240975,
                -0.491645465
            ]
        },
        "-0.04": {
            "1": [
                -0.39527666100000003,
                -0.39655306900000004,
                -0.39782947700000004,
                -0.39431935500000004,
                -0.397510375,
                -0.395914865,
                -0.398467681,
                -0.399424987,
                -0.399424987,
                -0.396233967
            ]
        },
        "-0.03": {
            "1": [
                -0.296993245,
                -0.292844919,
                -0.296035939,
                -0.29380222500000003,
                -0.296035939,
                -0.296355041,
                -0.294440429,
                -0.296993245,
                -0.298269653,
                -0.299226959
            ]
        },
        "-0.02": {
            "1": [
                -0.19870982900000003,
                -0.20126264500000002,
                -0.197114319,
                -0.19934803300000004,
                -0.197752523,
                -0.19902893100000002,
                -0.19743342100000003,
                -0.19743342100000003,
                -0.199986237,
                -0.19870982900000003
            ]
        },
        "-0.01": {
            "1": [
                -0.10106461700000001,
                -0.10106461700000001,
                -0.10042641300000002,
                -0.09946910700000001,
                -0.10042641300000002,
                -0.10425563700000001,
                -0.10074551500000001,
                -0.10234102500000002,
                -0.10329833100000001,
                -0.10138371900000001
            ]
        },
        "0.0": {
            "1": [
                -0.0005474870000000001,
                -0.0018238950000000007,
                -0.0005474870000000001,
                0.0007289210000000004,
                -0.0005474870000000001,
                0.002324431,
                -0.0005474870000000001,
                0.0010480230000000004,
                -0.0031003030000000004,
                -0.00022838500000000022
            ]
        },
        "0.01": {
            "1": [
                0.095821317,
                0.09677862300000001,
                0.09518311300000001,
                0.09518311300000001,
                0.09709772500000001,
                0.09518311300000001,
                0.098374133,
                0.09741682700000001,
                0.098693235,
                0.09677862300000001
            ]
        },
        "0.02": {
            "1": [
                0.19282832500000002,
                0.193147427,
                0.19570024300000002,
                0.193785631,
                0.193147427,
                0.195381141,
                0.19346652900000003,
                0.195381141,
                0.195381141,
                0.19474293700000003
            ]
        },
        "0.03": {
            "1": [
                0.2920690470000001,
                0.2920690470000001,
                0.2920690470000001,
                0.29270725100000006,
                0.29462186300000004,
                0.29334545500000003,
                0.29494096500000005,
                0.2930263530000001,
                0.29270725100000006,
                0.29366455700000005
            ]
        },
        "0.04": {
            "1": [
                0.39162887100000005,
                0.39099066700000007,
                0.38939515700000005,
                0.3922670750000001,
                0.3881187490000001,
                0.38875695300000007,
                0.39067156500000005,
                0.39067156500000005,
                0.3913097690000001,
                0.3900333610000001
            ]
        },
        "0.05": {
            "1": [
                0.49118869500000006,
                0.48895498100000007,
                0.4879976750000001,
                0.4905504910000001,
                0.4918268990000001,
                0.4908695930000001,
                0.49118869500000006,
                0.4905504910000001,
                0.4895931850000001,
                0.4895931850000001
            ]
        },
        "0.06": {
            "1": [
                0.5840473770000001,
                0.5859619890000001,
                0.5840473770000001,
                0.585323785,
                0.587557499,
                0.587557499,
                0.585323785,
                0.5869192950000001,
                0.586281091,
                0.592663131
            ]
        },
        "0.07": {
            "1": [
                0.6887128330000001,
                0.6871173230000001,
                0.684564507,
                0.685840915,
                0.6842454050000001,
                0.687436425,
                0.6842454050000001,
                0.686479119,
                0.6871173230000001,
                0.6861600170000001
            ]
        },
        "0.08": {
            "1": [
                0.784124331,
                0.784762535,
                0.787315351,
                0.782209719,
                0.780614209,
                0.7844434330000001,
                0.7854007390000001,
                0.784124331,
                0.7834861270000001,
                0.7844434330000001
            ]
        },