{
    "Current": {
        "-0.1": {
            "1": [
                -1.011781725,
                -1.011781725
            ]
        },
        "-0.09": {
            "1": [
                -0.9134983090000002,
                -0.9109454930000002
            ]
        },
        "-0.08": {
            "1": [
                -0.8126620770000001,
                -0.8120238730000001
            ]
        },
        "-0.07": {
            "1": [
                -0.7089539270000002,
                -0.7076775190000001
            ]
        },
        "-0.06": {
            "1": [
                -0.6113087150000001,
                -0.6135424290000001
            ]
        },
        "-0.05": {
            "1": [
                -0.513982605,
                -0.516535421
            ]
        },
        "-0.04": {
            "1": [
                -0.416337393,
                -0.415699189
            ]
        },
        "-0.03": {
            "1": [
                -0.31103373300000003,
                -0.314224753
            ]
        },
        "-0.02": {
            "1": [
                -0.21562223500000002,
                -0.21626043900000003
            ]
        },
        "-0.01": {
            "1": [
                -0.11510510500000001,
                -0.118296125
            ]
        },
        "0.0": {
            "1": [
                -0.009482343000000002,
                -0.016183485000000004
            ]
        },
        "0.01": {
            "1": [
                0.082099931,
                0.08178082900000001
            ]
        },
        "0.02": {
            "1": [
                0.18676538700000003,
                0.18325526500000003
            ]
        },
        "0.03": {
            "1": [
                0.2863252110000001,
                0.2850488030000001
            ]
        },
        "0.04": {
            "1": [
                0.38524683100000007,
                0.3833322190000001
            ]
        },
        "0.05": {
            "1": [
                0.4816156350000001,
                0.48193473700000006
            ]
        },
        "0.06": {
            "1": [
                0.5834091730000001,
                0.582770969
            ]
        },
        "0.07": {
            "1": [
                0.683926303,
                0.682968997
            ]
        },
        "0.08": {
            "1": [
                0.783167025,
                0.7828479230000001
            ]
        },
        "0.09": {
            "1": [
                0.8827268490000001,
                0.8782594210000001
            ]
        },
        "0.1": {
            "1": [
                0.9816484690000001,
                0.9845203870000001
            ]
        }
    }
}