{
    "Current": {
        "-0.005": {
            "1": [
                -0.00019314732931726908,
                -0.00019314732931726908,
                -0.00019058426104417672,
                -0.00017648738554216866,
                -0.00020468113654618475,
                -0.0001982734658634538,
                -0.00017648738554216866,
                -0.00018545812449799197,
                -0.0001982734658634538,
                -0.00019442886345381525
            ],
            "2": [
                -0.00019571039759036144,
                -0.00019571039759036144,
                -0.000199555,
                -0.000199555,
                -0.0002008365341365462,
                -0.000199555,
                -0.00019314732931726908,
                -0.00020339960240963855,
                -0.00018417659036144577,
                -0.00019314732931726908
            ]
        },
        "-0.004": {
            "1": [
                -0.00014573056626506024,
                -0.0001559828393574297,
                -0.00016367204417670682,
                -0.00016495357831325302,
                -0.0001585459076305221,
                -0.00016110897590361446,
                -0.00016239051004016063,
                -0.00016623511244979918,
                -0.00015470130522088354,
                -0.00016367204417670682
            ],
            "2": [
                -0.00014573056626506024,
                -0.00015341977108433735,
                -0.00015085670281124499,
                -0.00016495357831325302,
                -0.00016367204417670682,
                -0.00016751664658634538,
                -0.0001585459076305221,
                -0.00015470130522088354,
                -0.00015982744176706827,
                -0.00016495357831325302
            ]
        },
        "-0.003": {
            "1": [
                -0.00011112914457831326,
                -0.00012650755421686748,
                -0.00012907062248995984,
                -0.00012650755421686748,
                -0.00011753681526104417,
                -0.00013419675903614457,
                -0.00011881834939759037,
                -0.00011369221285140562,
                -0.00011369221285140562,
                -0.00011369221285140562
            ],
            "2": [
                -0.00011881834939759037,
                -0.00011497374698795181,
                -0.00011497374698795181,
                -0.00011241067871485942,
                -0.00011753681526104417,
                -0.00011369221285140562,
                -0.00012138141767068273,
                -0.0001072845421686747,
                -0.00011753681526104417,
                -0.00011881834939759037
            ]
        },
        "-0.002": {
            "1": [
                -8.1653859437751e-05,
                -7.524618875502008e-05,
                -7.909079116465864e-05,
                -9.06245983935743e-05,
                -8.549846184738956e-05,
                -9.190613253012047e-05,
                -8.549846184738956e-05,
                -8.1653859437751e-05,
                -8.037232530120482e-05,
                -8.806153012048193e-05
            ],
            "2": [
                -7.909079116465864e-05,
                -9.06245983935743e-05,
                -8.037232530120482e-05,
                -8.1653859437751e-05,
                -7.524618875502008e-05,
                -9.190613253012047e-05,
                -7.012005220883534e-05,
                -7.652772289156626e-05,
                -8.293539357429718e-05,
                -7.524618875502008e-05
            ]
        },
        "-0.001": {
            "1": [
                -2.398482329317269e-05,
                -3.0392493975903615e-05,
                -3.680016465863453e-05,
                -3.423709638554217e-05,
                -2.5266357429718877e-05,
                -4.192630120481927e-05,
                -3.423709638554217e-05,
                -3.1674028112449795e-05,
                -3.0392493975903615e-05,
                -2.142175502008032e-05
            ],
            "2": [
                -4.3207835341365464e-05,
                -3.423709638554217e-05,
                -3.1674028112449795e-05,
                -3.1674028112449795e-05,
                -3.295556224899599e-05,
                -3.0392493975903615e-05,
                -3.551863052208835e-05,
                -2.7829425702811246e-05,
                -3.0392493975903615e-05,
                -2.5266357429718877e-05
            ]
        },
        "0.0": {
            "1": [
                1.645859437751003e-06,
                1.4461200803212851e-05,
                2.3431939759036146e-05,
                8.053530120481928e-06,
                8.053530120481928e-06,
                8.053530120481928e-06,
                1.8305803212851406e-05,
                8.053530120481928e-06,
                1.5742734939759037e-05,
                2.215040562248996e-05
            ],
            "2": [
                9.335064257028112e-06,
                8.053530120481928e-06,
                4.208927710843375e-06,
                6.771995983935744e-06,
                8.053530120481928e-06,
                2.9273935742971907e-06,
                5.490461847389559e-06,
                6.771995983935744e-06,
                1.5742734939759037e-05,
                5.490461847389559e-06
            ]
        },
        "0.001": {
            "1": [
                3.752881526104418e-05,
                3.881034939759036e-05,
                4.0091883534136546e-05,
                4.39364859437751e-05,
                4.137341767068273e-05,
                4.0091883534136546e-05,
                3.6247281124497996e-05,
                4.906262248995984e-05,
                4.0091883534136546e-05,
                4.137341767068273e-05
            ],
            "2": [
                2.5995008032128515e-05,
                3.496574698795181e-05,
                4.0091883534136546e-05,
                4.137341767068273e-05,
                4.137341767068273e-05,
                3.881034939759036e-05,
                3.240267871485944e-05,
                3.752881526104418e-05,
                4.39364859437751e-05,
                4.39364859437751e-05
            ]
        },
        "0.002": {
            "1": [
                8.750864658634538e-05,
                8.238251004016064e-05,
                7.853790763052209e-05,
                9.007171485943776e-05,
                8.62271124497992e-05,
                7.981944176706827e-05,
                9.263478313253012e-05,
                9.135324899598394e-05,
                7.597483935742973e-05,
                7.213023694779117e-05
            ],
            "2": [
                8.110097590361445e-05,
                8.366404417670683e-05,
                8.110097590361445e-05,
                7.72563734939759e-05,
                8.110097590361445e-05,
                8.238251004016064e-05,
                6.95671686746988e-05,
                7.72563734939759e-05,
                9.39163172690763e-05,
                8.4945578313253e-05
            ]
        },
        "0.003": {
            "1": [
                0.00012595467068273093,
                0.00010801319277108433,
                0.000119547,
                0.00010288705622489959,
                0.00012211006827309237,
                0.00011826546586345382,
                0.00010929472690763052,
                0.00010929472690763052,
                0.00012595467068273093,
                0.00011313932931726908
            ],