{
    "-0.005": {
        "1": [
            -0.00018545812449799197,
            -0.00018802119277108433,
            -0.00019314732931726908,
            -0.00019314732931726908,
            -0.00019058426104417672,
            -0.000199555,
            -0.00019058426104417672,
            -0.00019442886345381525,
            -0.00020596267068273091,
            -0.0001982734658634538
        ],
        "2": [
            -0.00020468113654618475,
            -0.00019571039759036144,
            -0.00020339960240963855,
            -0.00020980727309236947,
            -0.00019571039759036144,
            -0.00020211806827309236,
            -0.00019571039759036144,
            -0.00019314732931726908,
            -0.00020211806827309236,
            -0.00019699193172690763
        ]
    },
    "-0.004": {
        "1": [
            -0.0001572643734939759,
            -0.0001572643734939759,
            -0.0001572643734939759,
            -0.0001585459076305221,
            -0.00016751664658634538,
            -0.00015470130522088354,
            -0.00014701210040160643,
            -0.00014188596385542168,
            -0.00014701210040160643,
            -0.00016110897590361446
        ],
        "2": [
            -0.00015341977108433735,
            -0.0001585459076305221,
            -0.0001559828393574297,
            -0.0001585459076305221,
            -0.00016367204417670682,
            -0.0001752058514056225,
            -0.00015085670281124499,
            -0.00016239051004016063,
            -0.00015470130522088354,
            -0.0001585459076305221
        ]
    },
    "-0.003": {
        "1": [
            -0.00011497374698795181,
            -0.00012266295180722892,
            -0.00012138141767068273,
            -0.00012009988353413654,
            -0.0001252260200803213,
            -0.0001239444859437751,
            -0.00011497374698795181,
            -0.00011881834939759037,
            -0.00011753681526104417,
            -0.0001239444859437751
        ],
        "2": [
            -0.00011753681526104417,
            -0.00012778908835341365,
            -0.00010984761044176706,
            -0.00011625528112449798,
            -0.00011241067871485942,
            -0.0001239444859437751,
            -0.00011497374698795181,
            -0.0001252260200803213,
            -0.0001239444859437751,
            -0.00011112914457831326
        ]
    },
    "-0.002": {
        "1": [
            -8.1653859437751e-05,
            -8.549846184738956e-05,
            -8.037232530120482e-05,
            -9.190613253012047e-05,
            -8.421692771084338e-05,
            -8.549846184738956e-05,
            -8.421692771084338e-05,
            -8.421692771084338e-05,
            -7.780925702811244e-05,
            -7.26831204819277e-05
        ],
        "2": [
            -7.780925702811244e-05,
            -7.652772289156626e-05,
            -6.755698393574297e-05,
            -8.1653859437751e-05,
            -7.524618875502008e-05,
            -6.883851807228915e-05,
            -8.806153012048193e-05,
            -7.524618875502008e-05,
            -9.575073493975903e-05,
            -9.06245983935743e-05
        ]
    },
    "-0.001": {
        "1": [
            -3.808169879518073e-05,
            -2.142175502008032e-05,
            -2.9110959839357427e-05,
            -4.192630120481927e-05,
            -2.9110959839357427e-05,
            -3.423709638554217e-05,
            -3.551863052208835e-05,
            -4.064476706827309e-05,
            -2.5266357429718877e-05,
            -3.295556224899599e-05
        ],
        "2": [
            -1.7577152610441765e-05,
            -3.936323293172691e-05,
            -3.423709638554217e-05,
            -1.2451016064257028e-05,
            -3.1674028112449795e-05,
            -2.0140220883534133e-05,
            -2.7829425702811246e-05,
            -2.6547891566265058e-05,
            -3.295556224899599e-05,
            -2.9110959839357427e-05
        ]
    },
    "0.0": {
        "1": [
            1.4461200803212851e-05,
            2.4713473895582327e-05,
            2.9273935742971907e-06,
            4.208927710843375e-06,
            4.208927710843375e-06,
            2.9273935742971907e-06,
            3.6432530120481874e-07,
            1.189813253012048e-05,
            5.490461847389559e-06,
            6.771995983935744e-06
        ],
        "2": [
            1.645859437751003e-06,
            6.771995983935744e-06,
            5.490461847389559e-06,
            -8.606413654618471e-06,
            -2.1987429718875532e-06,
            8.053530120481928e-06,
            5.490461847389559e-06,
            -4.761811244979922e-06,
            1.8305803212851406e-05,
            -6.043345381526103e-06
        ]
    },
    "0.001": {
        "1": [
            3.496574698795181e-05,
            3.6247281124497996e-05,
            3.752881526104418e-05,
            4.521802008032129e-05,
            3.6247281124497996e-05,
            4.137341767068273e-05,
            4.906262248995984e-05,
            3.752881526104418e-05,
            3.6247281124497996e-05,
            4.0091883534136546e-05
        ],
        "2": [
            4.906262248995984e-05,
            4.778108835341365e-05,
            4.649955421686747e-05,
            4.137341767068273e-05,
            3.881034939759036e-05,
            5.162569076305221e-05,
            4.906262248995984e-05,
            4.521802008032129e-05,
            4.137341767068273e-05,
            4.778108835341365e-05
        ]
    },
    "0.002": {
        "1": [
            9.263478313253012e-05,
            8.879018072289156e-05,
            9.904245381526104e-05,
            7.853790763052209e-05,
            7.981944176706827e-05,
            6.95671686746988e-05,
            7.597483935742973e-05,
            8.238251004016064e-05,
            7.72563734939759e-05,
            6.828563453815261e-05
        ],
        "2": [
            7.72563734939759e-05,
            8.110097590361445e-05,
            7.213023694779117e-05,
            7.981944176706827e-05,
            7.341177108433735e-05,
            7.213023694779117e-05,
            7.72563734939759e-05,
            7.853790763052209e-05,
            7.469330522088353e-05,
            7.469330522088353e-05
        ]
    },
    "0.003": {
        "1": [
            0.00011826546586345382,
            0.0001105762610441767,
            0.00011442086345381526,
            0.0001105762610441767,
            0.00012082853413654618,
            0.00012467313654618474,
            0.00011313932931726908,
            0.00011442086345381526,
            0.0001285177389558233,
            0.00012467313654618474
        ],
        "2": [
            0.00012082853413654618,
            0.00012082853413654618,
            0.00011698393172690762,
            0.000119547,
            0.00011698393172690762,
            0.00011698393172690762,
            0.00012211006827309237,
            0.000119547,
            0.00011826546586345382,
            0.00011570239759036144
        ]
    },
    "0.004": {
        "1": [
            0.00015799302409638555,
            0.00015030381927710844,
            0.00015030381927710844,
            0.00015927455823293172,
            0.00016440069477911647,
            0.00015927455823293172,
            0.00015158535341365463,
            0.000154148421686747,
            0.00014645921686746988,
            0.0001605560923694779
        ],
        "2": [
            0.00014902228514056224,
            0.00014261461445783132,
            0.00015927455823293172,
            0.00015542995582329316,
            0.0001528668875502008,
            0.0001528668875502008,
            0.00015799302409638555,
            0.0001528668875502008,
            0.0001618376265060241,
            0.00015927455823293172
        ]
    },