{
    "I-t data": [
        {
            "Pair number: 1": {
                "0.0": 1.0362149110000002e-09,
                "0.1": 1.0732307430000003e-09,
                "0.2": 1.1099274730000003e-09,
                "0.3": 1.1025881270000003e-09,
                "0.4": 1.064614989e-09,
                "0.5": 1.0499362970000002e-09,
                "0.6": 1.082803803e-09,
                "0.7": 1.1054600450000001e-09,
                "0.8": 1.024089035e-09,
                "0.9": 1.0786554770000002e-09,
                "1.0": 1.0394059310000002e-09,
                "1.1": 1.0792936810000001e-09,
                "1.2": 1.0668487030000001e-09,
                "1.3": 1.0837611090000002e-09,
                "1.4": 1.1080128610000003e-09,
                "1.5": 1.1185432270000002e-09,
                "1.6": 1.0719543350000002e-09,
                "1.7": 1.060785765e-09,
                "1.8": 1.093334169e-09,
                "1.9": 1.1115229830000002e-09,
                "2.0": 1.030790177e-09,
                "2.1": 1.0748262530000002e-09,
                "2.2": 1.1029072290000002e-09,
                "2.3": 1.1169477170000003e-09,
                "2.4": 1.064614989e-09,
                "2.5": 1.026003647e-09,
                "2.6": 1.0792936810000001e-09,
                "2.7": 1.0993971070000003e-09,
                "2.8": 1.1035454330000001e-09,
                "2.9": 1.107693759e-09,
                "3.0": 1.091419557e-09,
                "3.1": 1.098439801e-09,
                "3.2": 1.096525189e-09,
                "3.3": 1.0642958870000002e-09,
                "3.4": 1.026003647e-09,
                "3.5": 1.0649340910000001e-09,
                "3.6": 1.055999235e-09,
                "3.7": 1.1172668190000002e-09,
                "3.8": 1.077698171e-09,
                "3.9": 1.047383481e-09,
                "4.0": 1.0856757210000002e-09,
                "4.1": 1.0942914750000002e-09,
                "4.2": 1.054084623e-09,
                "4.3": 1.0678060090000001e-09,
                "4.4": 1.047064379e-09,
                "4.5": 1.0709970290000002e-09,
                "4.6": 1.0955678830000003e-09,
                "4.7": 1.1115229830000002e-09,
                "4.8": 1.068444213e-09,
                "4.9": 1.0435542570000001e-09,
                "5.0": 1.0748262530000002e-09,
                "5.1": 1.0690824170000002e-09,
                "5.2": 1.098439801e-09,
                "5.3": 1.1016308210000001e-09,
                "5.4": 1.0856757210000002e-09,
                "5.5": 1.066529601e-09,
                "5.6": 1.050893603e-09,
                "5.7": 1.0764217630000001e-09,
                "5.8": 1.104183637e-09,
                "5.9": 1.1083319630000001e-09,
                "6.0": 1.084080211e-09,
                "6.1": 1.0512127050000003e-09,
                "6.2": 1.0729116410000002e-09,
                "6.3": 1.033342993e-09,
                "6.4": 1.0738689470000002e-09,
                "6.5": 1.0639767850000001e-09,
                "6.6": 1.0761026610000002e-09,
                "6.7": 1.0767408650000002e-09,
                "6.8": 1.0850375170000003e-09,
                "6.9": 1.068444213e-09,
                "7.0": 1.084718415e-09,
                "7.1": 1.0885476390000002e-09,
                "7.2": 1.0885476390000002e-09,
                "7.3": 1.102269025e-09,
                "7.4": 1.1143949010000002e-09,
                "7.5": 1.0904622510000002e-09,
                "7.6": 1.105779147e-09,
                "7.7": 1.0658913970000001e-09,
                "7.8": 1.0234508310000001e-09,
                "7.9": 1.0748262530000002e-09,
                "8.0": 1.0904622510000002e-09,
                "8.1": 1.0930150670000001e-09,
                "8.2": 1.1045027390000003e-09,
                "8.3": 1.1150331050000003e-09,
                "8.4": 1.0869521290000003e-09,
                "8.5": 1.0343002990000002e-09,
                "8.6": 1.0678060090000001e-09,
                "8.7": 1.0435542570000001e-09,
                "8.8": 1.0773790690000001e-09,
                "8.9": 1.1064173510000003e-09,
                "9.0": 1.0461070730000002e-09,
                "9.1": 1.0719543350000002e-09,
                "9.2": 1.0512127050000003e-09,
                "9.3": 1.0706779270000003e-09,
                "9.4": 1.0930150670000001e-09,
                "9.5": 1.092695965e-09,
                "9.6": 1.1099274730000003e-09,
                "9.7": 1.0767408650000002e-09,
                "9.8": 1.0741880490000003e-09,
                "9.9": 1.0537655210000002e-09
            }
        }
    ]
}